"filename", "language", "JavaScript", "JSON", "PHP", "HTML", "WebAssembly Text Format", "CSS", "XML", "Markdown", "TypeScript", "Shapefile", "comment", "blank", "total"
"g:\GIS\地块管理系统\Build\CesiumUnminified\Assets\IAU2006_XYS\IAU2006_XYS_0.json", "JSON", 0, 1, 0, 0, 0, 0, 0, 0, 0, 0, 0, 0, 1
"g:\GIS\地块管理系统\Build\CesiumUnminified\Assets\IAU2006_XYS\IAU2006_XYS_1.json", "JSON", 0, 1, 0, 0, 0, 0, 0, 0, 0, 0, 0, 0, 1
"g:\GIS\地块管理系统\Build\CesiumUnminified\Assets\IAU2006_XYS\IAU2006_XYS_10.json", "JSON", 0, 1, 0, 0, 0, 0, 0, 0, 0, 0, 0, 0, 1
"g:\GIS\地块管理系统\Build\CesiumUnminified\Assets\IAU2006_XYS\IAU2006_XYS_11.json", "JSON", 0, 1, 0, 0, 0, 0, 0, 0, 0, 0, 0, 0, 1
"g:\GIS\地块管理系统\Build\CesiumUnminified\Assets\IAU2006_XYS\IAU2006_XYS_12.json", "JSON", 0, 1, 0, 0, 0, 0, 0, 0, 0, 0, 0, 0, 1
"g:\GIS\地块管理系统\Build\CesiumUnminified\Assets\IAU2006_XYS\IAU2006_XYS_13.json", "JSON", 0, 1, 0, 0, 0, 0, 0, 0, 0, 0, 0, 0, 1
"g:\GIS\地块管理系统\Build\CesiumUnminified\Assets\IAU2006_XYS\IAU2006_XYS_14.json", "JSON", 0, 1, 0, 0, 0, 0, 0, 0, 0, 0, 0, 0, 1
"g:\GIS\地块管理系统\Build\CesiumUnminified\Assets\IAU2006_XYS\IAU2006_XYS_15.json", "JSON", 0, 1, 0, 0, 0, 0, 0, 0, 0, 0, 0, 0, 1
"g:\GIS\地块管理系统\Build\CesiumUnminified\Assets\IAU2006_XYS\IAU2006_XYS_16.json", "JSON", 0, 1, 0, 0, 0, 0, 0, 0, 0, 0, 0, 0, 1
"g:\GIS\地块管理系统\Build\CesiumUnminified\Assets\IAU2006_XYS\IAU2006_XYS_17.json", "JSON", 0, 1, 0, 0, 0, 0, 0, 0, 0, 0, 0, 0, 1
"g:\GIS\地块管理系统\Build\CesiumUnminified\Assets\IAU2006_XYS\IAU2006_XYS_18.json", "JSON", 0, 1, 0, 0, 0, 0, 0, 0, 0, 0, 0, 0, 1
"g:\GIS\地块管理系统\Build\CesiumUnminified\Assets\IAU2006_XYS\IAU2006_XYS_19.json", "JSON", 0, 1, 0, 0, 0, 0, 0, 0, 0, 0, 0, 0, 1
"g:\GIS\地块管理系统\Build\CesiumUnminified\Assets\IAU2006_XYS\IAU2006_XYS_2.json", "JSON", 0, 1, 0, 0, 0, 0, 0, 0, 0, 0, 0, 0, 1
"g:\GIS\地块管理系统\Build\CesiumUnminified\Assets\IAU2006_XYS\IAU2006_XYS_20.json", "JSON", 0, 1, 0, 0, 0, 0, 0, 0, 0, 0, 0, 0, 1
"g:\GIS\地块管理系统\Build\CesiumUnminified\Assets\IAU2006_XYS\IAU2006_XYS_21.json", "JSON", 0, 1, 0, 0, 0, 0, 0, 0, 0, 0, 0, 0, 1
"g:\GIS\地块管理系统\Build\CesiumUnminified\Assets\IAU2006_XYS\IAU2006_XYS_22.json", "JSON", 0, 1, 0, 0, 0, 0, 0, 0, 0, 0, 0, 0, 1
"g:\GIS\地块管理系统\Build\CesiumUnminified\Assets\IAU2006_XYS\IAU2006_XYS_23.json", "JSON", 0, 1, 0, 0, 0, 0, 0, 0, 0, 0, 0, 0, 1
"g:\GIS\地块管理系统\Build\CesiumUnminified\Assets\IAU2006_XYS\IAU2006_XYS_24.json", "JSON", 0, 1, 0, 0, 0, 0, 0, 0, 0, 0, 0, 0, 1
"g:\GIS\地块管理系统\Build\CesiumUnminified\Assets\IAU2006_XYS\IAU2006_XYS_25.json", "JSON", 0, 1, 0, 0, 0, 0, 0, 0, 0, 0, 0, 0, 1
"g:\GIS\地块管理系统\Build\CesiumUnminified\Assets\IAU2006_XYS\IAU2006_XYS_26.json", "JSON", 0, 1, 0, 0, 0, 0, 0, 0, 0, 0, 0, 0, 1
"g:\GIS\地块管理系统\Build\CesiumUnminified\Assets\IAU2006_XYS\IAU2006_XYS_27.json", "JSON", 0, 1, 0, 0, 0, 0, 0, 0, 0, 0, 0, 0, 1
"g:\GIS\地块管理系统\Build\CesiumUnminified\Assets\IAU2006_XYS\IAU2006_XYS_3.json", "JSON", 0, 1, 0, 0, 0, 0, 0, 0, 0, 0, 0, 0, 1
"g:\GIS\地块管理系统\Build\CesiumUnminified\Assets\IAU2006_XYS\IAU2006_XYS_4.json", "JSON", 0, 1, 0, 0, 0, 0, 0, 0, 0, 0, 0, 0, 1
"g:\GIS\地块管理系统\Build\CesiumUnminified\Assets\IAU2006_XYS\IAU2006_XYS_5.json", "JSON", 0, 1, 0, 0, 0, 0, 0, 0, 0, 0, 0, 0, 1
"g:\GIS\地块管理系统\Build\CesiumUnminified\Assets\IAU2006_XYS\IAU2006_XYS_6.json", "JSON", 0, 1, 0, 0, 0, 0, 0, 0, 0, 0, 0, 0, 1
"g:\GIS\地块管理系统\Build\CesiumUnminified\Assets\IAU2006_XYS\IAU2006_XYS_7.json", "JSON", 0, 1, 0, 0, 0, 0, 0, 0, 0, 0, 0, 0, 1
"g:\GIS\地块管理系统\Build\CesiumUnminified\Assets\IAU2006_XYS\IAU2006_XYS_8.json", "JSON", 0, 1, 0, 0, 0, 0, 0, 0, 0, 0, 0, 0, 1
"g:\GIS\地块管理系统\Build\CesiumUnminified\Assets\IAU2006_XYS\IAU2006_XYS_9.json", "JSON", 0, 1, 0, 0, 0, 0, 0, 0, 0, 0, 0, 0, 1
"g:\GIS\地块管理系统\Build\CesiumUnminified\Assets\Textures\NaturalEarthII\tilemapresource.xml", "XML", 0, 0, 0, 0, 0, 0, 14, 0, 0, 0, 0, 1, 15
"g:\GIS\地块管理系统\Build\CesiumUnminified\Assets\Textures\pin.svg", "XML", 0, 0, 0, 0, 0, 0, 1, 0, 0, 0, 0, 0, 1
"g:\GIS\地块管理系统\Build\CesiumUnminified\Assets\approximateTerrainHeights.json", "JSON", 0, 1, 0, 0, 0, 0, 0, 0, 0, 0, 0, 0, 1
"g:\GIS\地块管理系统\Build\CesiumUnminified\Cesium.d.ts", "TypeScript", 0, 0, 0, 0, 0, 0, 0, 0, 9651, 0, 34934, 585, 45170
"g:\GIS\地块管理系统\Build\CesiumUnminified\Cesium.js", "JavaScript", 238045, 0, 0, 0, 0, 0, 0, 0, 0, 0, 93936, 36685, 368666
"g:\GIS\地块管理系统\Build\CesiumUnminified\Scene\ModelExperimental\CustomShaderGuide\README.md", "Markdown", 0, 0, 0, 0, 0, 0, 0, 3, 0, 0, 0, 2, 5
"g:\GIS\地块管理系统\Build\CesiumUnminified\ThirdParty\Workers\basis_transcoder.js", "JavaScript", 1, 0, 0, 0, 0, 0, 0, 0, 0, 0, 0, 0, 1
"g:\GIS\地块管理系统\Build\CesiumUnminified\ThirdParty\Workers\draco_decoder_nodejs.js", "JavaScript", 116, 0, 0, 0, 0, 0, 0, 0, 0, 0, 0, 1, 117
"g:\GIS\地块管理系统\Build\CesiumUnminified\ThirdParty\Workers\pako_deflate.min.js", "JavaScript", 1, 0, 0, 0, 0, 0, 0, 0, 0, 0, 0, 0, 1
"g:\GIS\地块管理系统\Build\CesiumUnminified\ThirdParty\Workers\pako_inflate.min.js", "JavaScript", 1, 0, 0, 0, 0, 0, 0, 0, 0, 0, 0, 0, 1
"g:\GIS\地块管理系统\Build\CesiumUnminified\ThirdParty\Workers\z-worker-pako.js", "JavaScript", 1, 0, 0, 0, 0, 0, 0, 0, 0, 0, 0, 0, 1
"g:\GIS\地块管理系统\Build\CesiumUnminified\ThirdParty\basis_transcoder.wasm", "WebAssembly Text Format", 0, 0, 0, 0, 11066, 0, 0, 0, 0, 0, 0, 310, 11376
"g:\GIS\地块管理系统\Build\CesiumUnminified\ThirdParty\draco_decoder.wasm", "WebAssembly Text Format", 0, 0, 0, 0, 6401, 0, 0, 0, 0, 0, 0, 82, 6483
"g:\GIS\地块管理系统\Build\CesiumUnminified\ThirdParty\google-earth-dbroot-parser.js", "JavaScript", 1, 0, 0, 0, 0, 0, 0, 0, 0, 0, 0, 0, 1
"g:\GIS\地块管理系统\Build\CesiumUnminified\Widgets\Animation\Animation.css", "CSS", 0, 0, 0, 0, 0, 126, 0, 0, 0, 0, 17, 34, 177
"g:\GIS\地块管理系统\Build\CesiumUnminified\Widgets\Animation\lighter.css", "CSS", 0, 0, 0, 0, 0, 77, 0, 0, 0, 0, 1, 22, 100
"g:\GIS\地块管理系统\Build\CesiumUnminified\Widgets\BaseLayerPicker\BaseLayerPicker.css", "CSS", 0, 0, 0, 0, 0, 104, 0, 0, 0, 0, 0, 14, 118
"g:\GIS\地块管理系统\Build\CesiumUnminified\Widgets\BaseLayerPicker\lighter.css", "CSS", 0, 0, 0, 0, 0, 27, 0, 0, 0, 0, 0, 7, 34
"g:\GIS\地块管理系统\Build\CesiumUnminified\Widgets\Cesium3DTilesInspector\Cesium3DTilesInspector.css", "CSS", 0, 0, 0, 0, 0, 98, 0, 0, 0, 0, 0, 19, 117
"g:\GIS\地块管理系统\Build\CesiumUnminified\Widgets\CesiumInspector\CesiumInspector.css", "CSS", 0, 0, 0, 0, 0, 114, 0, 0, 0, 0, 0, 21, 135
"g:\GIS\地块管理系统\Build\CesiumUnminified\Widgets\CesiumWidget\CesiumWidget.css", "CSS", 0, 0, 0, 0, 0, 103, 0, 0, 0, 0, 0, 14, 117
"g:\GIS\地块管理系统\Build\CesiumUnminified\Widgets\CesiumWidget\lighter.css", "CSS", 0, 0, 0, 0, 0, 12, 0, 0, 0, 0, 0, 3, 15
"g:\GIS\地块管理系统\Build\CesiumUnminified\Widgets\FullscreenButton\FullscreenButton.css", "CSS", 0, 0, 0, 0, 0, 7, 0, 0, 0, 0, 0, 1, 8
"g:\GIS\地块管理系统\Build\CesiumUnminified\Widgets\Geocoder\Geocoder.css", "CSS", 0, 0, 0, 0, 0, 69, 0, 0, 0, 0, 0, 10, 79
"g:\GIS\地块管理系统\Build\CesiumUnminified\Widgets\Geocoder\lighter.css", "CSS", 0, 0, 0, 0, 0, 16, 0, 0, 0, 0, 0, 4, 20
"g:\GIS\地块管理系统\Build\CesiumUnminified\Widgets\Images\NavigationHelp\Mouse.svg", "XML", 0, 0, 0, 0, 0, 0, 80, 0, 0, 0, 1, 3, 84
"g:\GIS\地块管理系统\Build\CesiumUnminified\Widgets\Images\NavigationHelp\MouseLeft.svg", "XML", 0, 0, 0, 0, 0, 0, 72, 0, 0, 0, 1, 3, 76
"g:\GIS\地块管理系统\Build\CesiumUnminified\Widgets\Images\NavigationHelp\MouseMiddle.svg", "XML", 0, 0, 0, 0, 0, 0, 72, 0, 0, 0, 1, 3, 76
"g:\GIS\地块管理系统\Build\CesiumUnminified\Widgets\Images\NavigationHelp\MouseRight.svg", "XML", 0, 0, 0, 0, 0, 0, 72, 0, 0, 0, 1, 3, 76
"g:\GIS\地块管理系统\Build\CesiumUnminified\Widgets\Images\NavigationHelp\Touch.svg", "XML", 0, 0, 0, 0, 0, 0, 117, 0, 0, 0, 1, 2, 120
"g:\GIS\地块管理系统\Build\CesiumUnminified\Widgets\Images\NavigationHelp\TouchDrag.svg", "XML", 0, 0, 0, 0, 0, 0, 127, 0, 0, 0, 1, 1, 129
"g:\GIS\地块管理系统\Build\CesiumUnminified\Widgets\Images\NavigationHelp\TouchRotate.svg", "XML", 0, 0, 0, 0, 0, 0, 73, 0, 0, 0, 1, 2, 76
"g:\GIS\地块管理系统\Build\CesiumUnminified\Widgets\Images\NavigationHelp\TouchTilt.svg", "XML", 0, 0, 0, 0, 0, 0, 133, 0, 0, 0, 1, 1, 135
"g:\GIS\地块管理系统\Build\CesiumUnminified\Widgets\Images\NavigationHelp\TouchZoom.svg", "XML", 0, 0, 0, 0, 0, 0, 71, 0, 0, 0, 1, 2, 74
"g:\GIS\地块管理系统\Build\CesiumUnminified\Widgets\InfoBox\InfoBox.css", "CSS", 0, 0, 0, 0, 0, 88, 0, 0, 0, 0, 0, 11, 99
"g:\GIS\地块管理系统\Build\CesiumUnminified\Widgets\InfoBox\InfoBoxDescription.css", "CSS", 0, 0, 0, 0, 0, 74, 0, 0, 0, 0, 0, 17, 91
"g:\GIS\地块管理系统\Build\CesiumUnminified\Widgets\NavigationHelpButton\NavigationHelpButton.css", "CSS", 0, 0, 0, 0, 0, 92, 0, 0, 0, 0, 0, 21, 113
"g:\GIS\地块管理系统\Build\CesiumUnminified\Widgets\NavigationHelpButton\lighter.css", "CSS", 0, 0, 0, 0, 0, 37, 0, 0, 0, 0, 0, 10, 47
"g:\GIS\地块管理系统\Build\CesiumUnminified\Widgets\PerformanceWatchdog\PerformanceWatchdog.css", "CSS", 0, 0, 0, 0, 0, 14, 0, 0, 0, 0, 0, 3, 17
"g:\GIS\地块管理系统\Build\CesiumUnminified\Widgets\ProjectionPicker\ProjectionPicker.css", "CSS", 0, 0, 0, 0, 0, 41, 0, 0, 0, 0, 0, 9, 50
"g:\GIS\地块管理系统\Build\CesiumUnminified\Widgets\SceneModePicker\SceneModePicker.css", "CSS", 0, 0, 0, 0, 0, 67, 0, 0, 0, 0, 0, 14, 81
"g:\GIS\地块管理系统\Build\CesiumUnminified\Widgets\SelectionIndicator\SelectionIndicator.css", "CSS", 0, 0, 0, 0, 0, 19, 0, 0, 0, 0, 0, 3, 22
"g:\GIS\地块管理系统\Build\CesiumUnminified\Widgets\Timeline\Timeline.css", "CSS", 0, 0, 0, 0, 0, 102, 0, 0, 0, 0, 1, 12, 115
"g:\GIS\地块管理系统\Build\CesiumUnminified\Widgets\Timeline\lighter.css", "CSS", 0, 0, 0, 0, 0, 17, 0, 0, 0, 0, 0, 4, 21
"g:\GIS\地块管理系统\Build\CesiumUnminified\Widgets\VRButton\VRButton.css", "CSS", 0, 0, 0, 0, 0, 7, 0, 0, 0, 0, 0, 1, 8
"g:\GIS\地块管理系统\Build\CesiumUnminified\Widgets\Viewer\Viewer.css", "CSS", 0, 0, 0, 0, 0, 96, 0, 0, 0, 0, 0, 12, 108
"g:\GIS\地块管理系统\Build\CesiumUnminified\Widgets\lighter.css", "CSS", 0, 0, 0, 0, 0, 7, 0, 0, 0, 0, 0, 1, 8
"g:\GIS\地块管理系统\Build\CesiumUnminified\Widgets\lighterShared.css", "CSS", 0, 0, 0, 0, 0, 45, 0, 0, 0, 0, 0, 8, 53
"g:\GIS\地块管理系统\Build\CesiumUnminified\Widgets\shared.css", "CSS", 0, 0, 0, 0, 0, 102, 0, 0, 0, 0, 0, 16, 118
"g:\GIS\地块管理系统\Build\CesiumUnminified\Widgets\widgets.css", "CSS", 0, 0, 0, 0, 0, 17, 0, 0, 0, 0, 0, 1, 18
"g:\GIS\地块管理系统\Build\CesiumUnminified\Workers\ArcType-fc72c06c.js", "JavaScript", 9, 0, 0, 0, 0, 0, 0, 0, 0, 0, 46, 7, 62
"g:\GIS\地块管理系统\Build\CesiumUnminified\Workers\AttributeCompression-a65cf082.js", "JavaScript", 359, 0, 0, 0, 0, 0, 0, 0, 0, 0, 312, 68, 739
"g:\GIS\地块管理系统\Build\CesiumUnminified\Workers\AxisAlignedBoundingBox-982e50b2.js", "JavaScript", 123, 0, 0, 0, 0, 0, 0, 0, 0, 0, 126, 34, 283
"g:\GIS\地块管理系统\Build\CesiumUnminified\Workers\BoundingRectangle-9ce149e2.js", "JavaScript", 184, 0, 0, 0, 0, 0, 0, 0, 0, 0, 160, 50, 394
"g:\GIS\地块管理系统\Build\CesiumUnminified\Workers\BoxGeometry-2feec860.js", "JavaScript", 641, 0, 0, 0, 0, 0, 0, 0, 0, 0, 177, 92, 910
"g:\GIS\地块管理系统\Build\CesiumUnminified\Workers\Color-ddcf2eb3.js", "JavaScript", 608, 0, 0, 0, 0, 0, 0, 0, 0, 0, 1445, 234, 2287
"g:\GIS\地块管理系统\Build\CesiumUnminified\Workers\ComponentDatatype-0f8fc942.js", "JavaScript", 634, 0, 0, 0, 0, 0, 0, 0, 0, 0, 911, 147, 1692
"g:\GIS\地块管理系统\Build\CesiumUnminified\Workers\CoplanarPolygonGeometryLibrary-c7bc341b.js", "JavaScript", 101, 0, 0, 0, 0, 0, 0, 0, 0, 0, 33, 22, 156
"g:\GIS\地块管理系统\Build\CesiumUnminified\Workers\CorridorGeometryLibrary-deac1c0b.js", "JavaScript", 454, 0, 0, 0, 0, 0, 0, 0, 0, 0, 33, 35, 522
"g:\GIS\地块管理系统\Build\CesiumUnminified\Workers\CylinderGeometry-ca513273.js", "JavaScript", 348, 0, 0, 0, 0, 0, 0, 0, 0, 0, 88, 57, 493
"g:\GIS\地块管理系统\Build\CesiumUnminified\Workers\CylinderGeometryLibrary-a5f5c7ca.js", "JavaScript", 47, 0, 0, 0, 0, 0, 0, 0, 0, 0, 29, 11, 87
"g:\GIS\地块管理系统\Build\CesiumUnminified\Workers\EllipseGeometry-683c4a9b.js", "JavaScript", 1049, 0, 0, 0, 0, 0, 0, 0, 0, 0, 131, 150, 1330
"g:\GIS\地块管理系统\Build\CesiumUnminified\Workers\EllipseGeometryLibrary-bcacf99d.js", "JavaScript", 288, 0, 0, 0, 0, 0, 0, 0, 0, 0, 55, 47, 390
"g:\GIS\地块管理系统\Build\CesiumUnminified\Workers\EllipseOutlineGeometry-c2c5d8cb.js", "JavaScript", 333, 0, 0, 0, 0, 0, 0, 0, 0, 0, 88, 48, 469
"g:\GIS\地块管理系统\Build\CesiumUnminified\Workers\EllipsoidGeodesic-ca8d04b3.js", "JavaScript", 366, 0, 0, 0, 0, 0, 0, 0, 0, 0, 104, 75, 545
"g:\GIS\地块管理系统\Build\CesiumUnminified\Workers\EllipsoidGeometry-67b6831d.js", "JavaScript", 474, 0, 0, 0, 0, 0, 0, 0, 0, 0, 110, 79, 663
"g:\GIS\地块管理系统\Build\CesiumUnminified\Workers\EllipsoidOutlineGeometry-03dd386a.js", "JavaScript", 327, 0, 0, 0, 0, 0, 0, 0, 0, 0, 102, 51, 480
"g:\GIS\地块管理系统\Build\CesiumUnminified\Workers\EllipsoidRhumbLine-ac050b55.js", "JavaScript", 544, 0, 0, 0, 0, 0, 0, 0, 0, 0, 150, 72, 766
"g:\GIS\地块管理系统\Build\CesiumUnminified\Workers\EllipsoidTangentPlane-19768649.js", "JavaScript", 212, 0, 0, 0, 0, 0, 0, 0, 0, 0, 142, 44, 398
"g:\GIS\地块管理系统\Build\CesiumUnminified\Workers\EncodedCartesian3-4e052475.js", "JavaScript", 64, 0, 0, 0, 0, 0, 0, 0, 0, 0, 110, 22, 196
"g:\GIS\地块管理系统\Build\CesiumUnminified\Workers\FrustumGeometry-094e9425.js", "JavaScript", 1524, 0, 0, 0, 0, 0, 0, 0, 0, 0, 753, 260, 2537
"g:\GIS\地块管理系统\Build\CesiumUnminified\Workers\GeometryAttribute-0fe2ec20.js", "JavaScript", 220, 0, 0, 0, 0, 0, 0, 0, 0, 0, 369, 55, 644
"g:\GIS\地块管理系统\Build\CesiumUnminified\Workers\GeometryAttributes-32b29525.js", "JavaScript", 12, 0, 0, 0, 0, 0, 0, 0, 0, 0, 93, 11, 116
"g:\GIS\地块管理系统\Build\CesiumUnminified\Workers\GeometryInstance-4161c0b6.js", "JavaScript", 18, 0, 0, 0, 0, 0, 0, 0, 0, 0, 116, 12, 146
"g:\GIS\地块管理系统\Build\CesiumUnminified\Workers\GeometryOffsetAttribute-2bff0974.js", "JavaScript", 39, 0, 0, 0, 0, 0, 0, 0, 0, 0, 43, 9, 91
"g:\GIS\地块管理系统\Build\CesiumUnminified\Workers\GeometryPipeline-8ec6816a.js", "JavaScript", 2832, 0, 0, 0, 0, 0, 0, 0, 0, 0, 448, 433, 3713
"g:\GIS\地块管理系统\Build\CesiumUnminified\Workers\IndexDatatype-2261ba8d.js", "JavaScript", 90, 0, 0, 0, 0, 0, 0, 0, 0, 0, 115, 20, 225
"g:\GIS\地块管理系统\Build\CesiumUnminified\Workers\IntersectionTests-12725781.js", "JavaScript", 1267, 0, 0, 0, 0, 0, 0, 0, 0, 0, 361, 229, 1857
"g:\GIS\地块管理系统\Build\CesiumUnminified\Workers\Matrix2-e0921750.js", "JavaScript", 5628, 0, 0, 0, 0, 0, 0, 0, 0, 0, 4626, 1133, 11387
"g:\GIS\地块管理系统\Build\CesiumUnminified\Workers\OrientedBoundingBox-0325d230.js", "JavaScript", 836, 0, 0, 0, 0, 0, 0, 0, 0, 0, 289, 157, 1282
"g:\GIS\地块管理系统\Build\CesiumUnminified\Workers\Plane-e7da25b6.js", "JavaScript", 134, 0, 0, 0, 0, 0, 0, 0, 0, 0, 165, 35, 334
"g:\GIS\地块管理系统\Build\CesiumUnminified\Workers\PolygonGeometryLibrary-84bd401d.js", "JavaScript", 849, 0, 0, 0, 0, 0, 0, 0, 0, 0, 111, 138, 1098
"g:\GIS\地块管理系统\Build\CesiumUnminified\Workers\PolygonPipeline-4229a1ef.js", "JavaScript", 961, 0, 0, 0, 0, 0, 0, 0, 0, 0, 180, 227, 1368
"g:\GIS\地块管理系统\Build\CesiumUnminified\Workers\PolylinePipeline-ea70d5a8.js", "JavaScript", 385, 0, 0, 0, 0, 0, 0, 0, 0, 0, 142, 70, 597
"g:\GIS\地块管理系统\Build\CesiumUnminified\Workers\PolylineVolumeGeometryLibrary-0d7f2da5.js", "JavaScript", 666, 0, 0, 0, 0, 0, 0, 0, 0, 0, 81, 58, 805
"g:\GIS\地块管理系统\Build\CesiumUnminified\Workers\PrimitivePipeline-5ee5cd45.js", "JavaScript", 738, 0, 0, 0, 0, 0, 0, 0, 0, 0, 133, 119, 990
"g:\GIS\地块管理系统\Build\CesiumUnminified\Workers\RectangleGeometryLibrary-009d1458.js", "JavaScript", 228, 0, 0, 0, 0, 0, 0, 0, 0, 0, 34, 42, 304
"g:\GIS\地块管理系统\Build\CesiumUnminified\Workers\RuntimeError-8952249c.js", "JavaScript", 150, 0, 0, 0, 0, 0, 0, 0, 0, 0, 191, 37, 378
"g:\GIS\地块管理系统\Build\CesiumUnminified\Workers\TerrainEncoding-f2c8fa47.js", "JavaScript", 795, 0, 0, 0, 0, 0, 0, 0, 0, 0, 307, 148, 1250
"g:\GIS\地块管理系统\Build\CesiumUnminified\Workers\Transforms-38070b06.js", "JavaScript", 8519, 0, 0, 0, 0, 0, 0, 0, 0, 0, 4544, 1593, 14656
"g:\GIS\地块管理系统\Build\CesiumUnminified\Workers\VertexFormat-7df34ea5.js", "JavaScript", 100, 0, 0, 0, 0, 0, 0, 0, 0, 0, 208, 29, 337
"g:\GIS\地块管理系统\Build\CesiumUnminified\Workers\WallGeometryLibrary-7dc4ee2d.js", "JavaScript", 164, 0, 0, 0, 0, 0, 0, 0, 0, 0, 30, 41, 235
"g:\GIS\地块管理系统\Build\CesiumUnminified\Workers\WebGLConstants-508b9636.js", "JavaScript", 588, 0, 0, 0, 0, 0, 0, 0, 0, 0, 43, 14, 645
"g:\GIS\地块管理系统\Build\CesiumUnminified\Workers\WebMercatorProjection-3c291906.js", "JavaScript", 66, 0, 0, 0, 0, 0, 0, 0, 0, 0, 94, 16, 176
"g:\GIS\地块管理系统\Build\CesiumUnminified\Workers\_commonjsHelpers-3aae1032-26891ab7.js", "JavaScript", 17, 0, 0, 0, 0, 0, 0, 0, 0, 0, 24, 7, 48
"g:\GIS\地块管理系统\Build\CesiumUnminified\Workers\arrayRemoveDuplicates-9877adc7.js", "JavaScript", 67, 0, 0, 0, 0, 0, 0, 0, 0, 0, 71, 16, 154
"g:\GIS\地块管理系统\Build\CesiumUnminified\Workers\cesiumWorkerBootstrapper.js", "JavaScript", 2, 0, 0, 0, 0, 0, 0, 0, 0, 0, 4, 0, 6
"g:\GIS\地块管理系统\Build\CesiumUnminified\Workers\combine-3c023bda.js", "JavaScript", 46, 0, 0, 0, 0, 0, 0, 0, 0, 0, 54, 7, 107
"g:\GIS\地块管理系统\Build\CesiumUnminified\Workers\combineGeometry.js", "JavaScript", 14, 0, 0, 0, 0, 0, 0, 0, 0, 0, 23, 5, 42
"g:\GIS\地块管理系统\Build\CesiumUnminified\Workers\createBoxGeometry.js", "JavaScript", 9, 0, 0, 0, 0, 0, 0, 0, 0, 0, 23, 5, 37
"g:\GIS\地块管理系统\Build\CesiumUnminified\Workers\createBoxOutlineGeometry.js", "JavaScript", 175, 0, 0, 0, 0, 0, 0, 0, 0, 0, 123, 41, 339
"g:\GIS\地块管理系统\Build\CesiumUnminified\Workers\createCircleGeometry.js", "JavaScript", 125, 0, 0, 0, 0, 0, 0, 0, 0, 0, 94, 19, 238
"g:\GIS\地块管理系统\Build\CesiumUnminified\Workers\createCircleOutlineGeometry.js", "JavaScript", 87, 0, 0, 0, 0, 0, 0, 0, 0, 0, 83, 15, 185
"g:\GIS\地块管理系统\Build\CesiumUnminified\Workers\createCoplanarPolygonGeometry.js", "JavaScript", 434, 0, 0, 0, 0, 0, 0, 0, 0, 0, 110, 67, 611
"g:\GIS\地块管理系统\Build\CesiumUnminified\Workers\createCoplanarPolygonOutlineGeometry.js", "JavaScript", 138, 0, 0, 0, 0, 0, 0, 0, 0, 0, 87, 36, 261
"g:\GIS\地块管理系统\Build\CesiumUnminified\Workers\createCorridorGeometry.js", "JavaScript", 1194, 0, 0, 0, 0, 0, 0, 0, 0, 0, 131, 107, 1432
"g:\GIS\地块管理系统\Build\CesiumUnminified\Workers\createCorridorOutlineGeometry.js", "JavaScript", 486, 0, 0, 0, 0, 0, 0, 0, 0, 0, 83, 60, 629
"g:\GIS\地块管理系统\Build\CesiumUnminified\Workers\createCylinderGeometry.js", "JavaScript", 9, 0, 0, 0, 0, 0, 0, 0, 0, 0, 23, 5, 37
"g:\GIS\地块管理系统\Build\CesiumUnminified\Workers\createCylinderOutlineGeometry.js", "JavaScript", 171, 0, 0, 0, 0, 0, 0, 0, 0, 0, 86, 34, 291
"g:\GIS\地块管理系统\Build\CesiumUnminified\Workers\createEllipseGeometry.js", "JavaScript", 11, 0, 0, 0, 0, 0, 0, 0, 0, 0, 23, 5, 39
"g:\GIS\地块管理系统\Build\CesiumUnminified\Workers\createEllipseOutlineGeometry.js", "JavaScript", 11, 0, 0, 0, 0, 0, 0, 0, 0, 0, 23, 5, 39
"g:\GIS\地块管理系统\Build\CesiumUnminified\Workers\createEllipsoidGeometry.js", "JavaScript", 9, 0, 0, 0, 0, 0, 0, 0, 0, 0, 23, 5, 37
"g:\GIS\地块管理系统\Build\CesiumUnminified\Workers\createEllipsoidOutlineGeometry.js", "JavaScript", 12, 0, 0, 0, 0, 0, 0, 0, 0, 0, 23, 5, 40
"g:\GIS\地块管理系统\Build\CesiumUnminified\Workers\createFrustumGeometry.js", "JavaScript", 9, 0, 0, 0, 0, 0, 0, 0, 0, 0, 23, 5, 37
"g:\GIS\地块管理系统\Build\CesiumUnminified\Workers\createFrustumOutlineGeometry.js", "JavaScript", 166, 0, 0, 0, 0, 0, 0, 0, 0, 0, 71, 39, 276
"g:\GIS\地块管理系统\Build\CesiumUnminified\Workers\createGeometry.js", "JavaScript", 41, 0, 0, 0, 0, 0, 0, 0, 0, 0, 28, 11, 80
"g:\GIS\地块管理系统\Build\CesiumUnminified\Workers\createGroundPolylineGeometry.js", "JavaScript", 1590, 0, 0, 0, 0, 0, 0, 0, 0, 0, 340, 229, 2159
"g:\GIS\地块管理系统\Build\CesiumUnminified\Workers\createPlaneGeometry.js", "JavaScript", 158, 0, 0, 0, 0, 0, 0, 0, 0, 0, 76, 41, 275
"g:\GIS\地块管理系统\Build\CesiumUnminified\Workers\createPlaneOutlineGeometry.js", "JavaScript", 63, 0, 0, 0, 0, 0, 0, 0, 0, 0, 59, 18, 140
"g:\GIS\地块管理系统\Build\CesiumUnminified\Workers\createPolygonGeometry.js", "JavaScript", 1089, 0, 0, 0, 0, 0, 0, 0, 0, 0, 212, 145, 1446
"g:\GIS\地块管理系统\Build\CesiumUnminified\Workers\createPolygonOutlineGeometry.js", "JavaScript", 476, 0, 0, 0, 0, 0, 0, 0, 0, 0, 173, 60, 709
"g:\GIS\地块管理系统\Build\CesiumUnminified\Workers\createPolylineGeometry.js", "JavaScript", 413, 0, 0, 0, 0, 0, 0, 0, 0, 0, 96, 87, 596
"g:\GIS\地块管理系统\Build\CesiumUnminified\Workers\createPolylineVolumeGeometry.js", "JavaScript", 288, 0, 0, 0, 0, 0, 0, 0, 0, 0, 95, 53, 436
"g:\GIS\地块管理系统\Build\CesiumUnminified\Workers\createPolylineVolumeOutlineGeometry.js", "JavaScript", 193, 0, 0, 0, 0, 0, 0, 0, 0, 0, 89, 44, 326
"g:\GIS\地块管理系统\Build\CesiumUnminified\Workers\createRectangleGeometry.js", "JavaScript", 1217, 0, 0, 0, 0, 0, 0, 0, 0, 0, 141, 144, 1502
"g:\GIS\地块管理系统\Build\CesiumUnminified\Workers\createRectangleOutlineGeometry.js", "JavaScript", 412, 0, 0, 0, 0, 0, 0, 0, 0, 0, 89, 60, 561
"g:\GIS\地块管理系统\Build\CesiumUnminified\Workers\createSimplePolylineGeometry.js", "JavaScript", 325, 0, 0, 0, 0, 0, 0, 0, 0, 0, 87, 71, 483
"g:\GIS\地块管理系统\Build\CesiumUnminified\Workers\createSphereGeometry.js", "JavaScript", 57, 0, 0, 0, 0, 0, 0, 0, 0, 0, 76, 15, 148
"g:\GIS\地块管理系统\Build\CesiumUnminified\Workers\createSphereOutlineGeometry.js", "JavaScript", 60, 0, 0, 0, 0, 0, 0, 0, 0, 0, 76, 15, 151
"g:\GIS\地块管理系统\Build\CesiumUnminified\Workers\createTaskProcessorWorker.js", "JavaScript", 73, 0, 0, 0, 0, 0, 0, 0, 0, 0, 64, 15, 152
"g:\GIS\地块管理系统\Build\CesiumUnminified\Workers\createVectorTileClampedPolylines.js", "JavaScript", 460, 0, 0, 0, 0, 0, 0, 0, 0, 0, 38, 62, 560
"g:\GIS\地块管理系统\Build\CesiumUnminified\Workers\createVectorTileGeometries.js", "JavaScript", 344, 0, 0, 0, 0, 0, 0, 0, 0, 0, 53, 73, 470
"g:\GIS\地块管理系统\Build\CesiumUnminified\Workers\createVectorTilePoints.js", "JavaScript", 62, 0, 0, 0, 0, 0, 0, 0, 0, 0, 23, 19, 104
"g:\GIS\地块管理系统\Build\CesiumUnminified\Workers\createVectorTilePolygons.js", "JavaScript", 325, 0, 0, 0, 0, 0, 0, 0, 0, 0, 27, 79, 431
"g:\GIS\地块管理系统\Build\CesiumUnminified\Workers\createVectorTilePolylines.js", "JavaScript", 212, 0, 0, 0, 0, 0, 0, 0, 0, 0, 23, 44, 279
"g:\GIS\地块管理系统\Build\CesiumUnminified\Workers\createVerticesFromGoogleEarthEnterpriseBuffer.js", "JavaScript", 538, 0, 0, 0, 0, 0, 0, 0, 0, 0, 45, 82, 665
"g:\GIS\地块管理系统\Build\CesiumUnminified\Workers\createVerticesFromHeightmap.js", "JavaScript", 2162, 0, 0, 0, 0, 0, 0, 0, 0, 0, 365, 201, 2728
"g:\GIS\地块管理系统\Build\CesiumUnminified\Workers\createVerticesFromQuantizedTerrainMesh.js", "JavaScript", 719, 0, 0, 0, 0, 0, 0, 0, 0, 0, 188, 112, 1019
"g:\GIS\地块管理系统\Build\CesiumUnminified\Workers\createWallGeometry.js", "JavaScript", 422, 0, 0, 0, 0, 0, 0, 0, 0, 0, 146, 80, 648
"g:\GIS\地块管理系统\Build\CesiumUnminified\Workers\createWallOutlineGeometry.js", "JavaScript", 266, 0, 0, 0, 0, 0, 0, 0, 0, 0, 129, 62, 457
"g:\GIS\地块管理系统\Build\CesiumUnminified\Workers\decodeDraco.js", "JavaScript", 328, 0, 0, 0, 0, 0, 0, 0, 0, 0, 28, 50, 406
"g:\GIS\地块管理系统\Build\CesiumUnminified\Workers\decodeGoogleEarthEnterprisePacket.js", "JavaScript", 2303, 0, 0, 0, 0, 0, 0, 0, 0, 0, 1098, 400, 3801
"g:\GIS\地块管理系统\Build\CesiumUnminified\Workers\defaultValue-81eec7ed.js", "JavaScript", 14, 0, 0, 0, 0, 0, 0, 0, 0, 0, 55, 7, 76
"g:\GIS\地块管理系统\Build\CesiumUnminified\Workers\transcodeKTX2.js", "JavaScript", 882, 0, 0, 0, 0, 0, 0, 0, 0, 0, 240, 94, 1216
"g:\GIS\地块管理系统\Build\CesiumUnminified\Workers\transferTypedArrayTest.js", "JavaScript", 1, 0, 0, 0, 0, 0, 0, 0, 0, 0, 0, 0, 1
"g:\GIS\地块管理系统\Build\CesiumUnminified\Workers\upsampleQuantizedTerrainMesh.js", "JavaScript", 799, 0, 0, 0, 0, 0, 0, 0, 0, 0, 110, 138, 1047
"g:\GIS\地块管理系统\Build\Cesium\Assets\IAU2006_XYS\IAU2006_XYS_0.json", "JSON", 0, 1, 0, 0, 0, 0, 0, 0, 0, 0, 0, 0, 1
"g:\GIS\地块管理系统\Build\Cesium\Assets\IAU2006_XYS\IAU2006_XYS_1.json", "JSON", 0, 1, 0, 0, 0, 0, 0, 0, 0, 0, 0, 0, 1
"g:\GIS\地块管理系统\Build\Cesium\Assets\IAU2006_XYS\IAU2006_XYS_10.json", "JSON", 0, 1, 0, 0, 0, 0, 0, 0, 0, 0, 0, 0, 1
"g:\GIS\地块管理系统\Build\Cesium\Assets\IAU2006_XYS\IAU2006_XYS_11.json", "JSON", 0, 1, 0, 0, 0, 0, 0, 0, 0, 0, 0, 0, 1
"g:\GIS\地块管理系统\Build\Cesium\Assets\IAU2006_XYS\IAU2006_XYS_12.json", "JSON", 0, 1, 0, 0, 0, 0, 0, 0, 0, 0, 0, 0, 1
"g:\GIS\地块管理系统\Build\Cesium\Assets\IAU2006_XYS\IAU2006_XYS_13.json", "JSON", 0, 1, 0, 0, 0, 0, 0, 0, 0, 0, 0, 0, 1
"g:\GIS\地块管理系统\Build\Cesium\Assets\IAU2006_XYS\IAU2006_XYS_14.json", "JSON", 0, 1, 0, 0, 0, 0, 0, 0, 0, 0, 0, 0, 1
"g:\GIS\地块管理系统\Build\Cesium\Assets\IAU2006_XYS\IAU2006_XYS_15.json", "JSON", 0, 1, 0, 0, 0, 0, 0, 0, 0, 0, 0, 0, 1
"g:\GIS\地块管理系统\Build\Cesium\Assets\IAU2006_XYS\IAU2006_XYS_16.json", "JSON", 0, 1, 0, 0, 0, 0, 0, 0, 0, 0, 0, 0, 1
"g:\GIS\地块管理系统\Build\Cesium\Assets\IAU2006_XYS\IAU2006_XYS_17.json", "JSON", 0, 1, 0, 0, 0, 0, 0, 0, 0, 0, 0, 0, 1
"g:\GIS\地块管理系统\Build\Cesium\Assets\IAU2006_XYS\IAU2006_XYS_18.json", "JSON", 0, 1, 0, 0, 0, 0, 0, 0, 0, 0, 0, 0, 1
"g:\GIS\地块管理系统\Build\Cesium\Assets\IAU2006_XYS\IAU2006_XYS_19.json", "JSON", 0, 1, 0, 0, 0, 0, 0, 0, 0, 0, 0, 0, 1
"g:\GIS\地块管理系统\Build\Cesium\Assets\IAU2006_XYS\IAU2006_XYS_2.json", "JSON", 0, 1, 0, 0, 0, 0, 0, 0, 0, 0, 0, 0, 1
"g:\GIS\地块管理系统\Build\Cesium\Assets\IAU2006_XYS\IAU2006_XYS_20.json", "JSON", 0, 1, 0, 0, 0, 0, 0, 0, 0, 0, 0, 0, 1
"g:\GIS\地块管理系统\Build\Cesium\Assets\IAU2006_XYS\IAU2006_XYS_21.json", "JSON", 0, 1, 0, 0, 0, 0, 0, 0, 0, 0, 0, 0, 1
"g:\GIS\地块管理系统\Build\Cesium\Assets\IAU2006_XYS\IAU2006_XYS_22.json", "JSON", 0, 1, 0, 0, 0, 0, 0, 0, 0, 0, 0, 0, 1
"g:\GIS\地块管理系统\Build\Cesium\Assets\IAU2006_XYS\IAU2006_XYS_23.json", "JSON", 0, 1, 0, 0, 0, 0, 0, 0, 0, 0, 0, 0, 1
"g:\GIS\地块管理系统\Build\Cesium\Assets\IAU2006_XYS\IAU2006_XYS_24.json", "JSON", 0, 1, 0, 0, 0, 0, 0, 0, 0, 0, 0, 0, 1
"g:\GIS\地块管理系统\Build\Cesium\Assets\IAU2006_XYS\IAU2006_XYS_25.json", "JSON", 0, 1, 0, 0, 0, 0, 0, 0, 0, 0, 0, 0, 1
"g:\GIS\地块管理系统\Build\Cesium\Assets\IAU2006_XYS\IAU2006_XYS_26.json", "JSON", 0, 1, 0, 0, 0, 0, 0, 0, 0, 0, 0, 0, 1
"g:\GIS\地块管理系统\Build\Cesium\Assets\IAU2006_XYS\IAU2006_XYS_27.json", "JSON", 0, 1, 0, 0, 0, 0, 0, 0, 0, 0, 0, 0, 1
"g:\GIS\地块管理系统\Build\Cesium\Assets\IAU2006_XYS\IAU2006_XYS_3.json", "JSON", 0, 1, 0, 0, 0, 0, 0, 0, 0, 0, 0, 0, 1
"g:\GIS\地块管理系统\Build\Cesium\Assets\IAU2006_XYS\IAU2006_XYS_4.json", "JSON", 0, 1, 0, 0, 0, 0, 0, 0, 0, 0, 0, 0, 1
"g:\GIS\地块管理系统\Build\Cesium\Assets\IAU2006_XYS\IAU2006_XYS_5.json", "JSON", 0, 1, 0, 0, 0, 0, 0, 0, 0, 0, 0, 0, 1
"g:\GIS\地块管理系统\Build\Cesium\Assets\IAU2006_XYS\IAU2006_XYS_6.json", "JSON", 0, 1, 0, 0, 0, 0, 0, 0, 0, 0, 0, 0, 1
"g:\GIS\地块管理系统\Build\Cesium\Assets\IAU2006_XYS\IAU2006_XYS_7.json", "JSON", 0, 1, 0, 0, 0, 0, 0, 0, 0, 0, 0, 0, 1
"g:\GIS\地块管理系统\Build\Cesium\Assets\IAU2006_XYS\IAU2006_XYS_8.json", "JSON", 0, 1, 0, 0, 0, 0, 0, 0, 0, 0, 0, 0, 1
"g:\GIS\地块管理系统\Build\Cesium\Assets\IAU2006_XYS\IAU2006_XYS_9.json", "JSON", 0, 1, 0, 0, 0, 0, 0, 0, 0, 0, 0, 0, 1
"g:\GIS\地块管理系统\Build\Cesium\Assets\Textures\NaturalEarthII\tilemapresource.xml", "XML", 0, 0, 0, 0, 0, 0, 14, 0, 0, 0, 0, 1, 15
"g:\GIS\地块管理系统\Build\Cesium\Assets\Textures\pin.svg", "XML", 0, 0, 0, 0, 0, 0, 1, 0, 0, 0, 0, 0, 1
"g:\GIS\地块管理系统\Build\Cesium\Assets\approximateTerrainHeights.json", "JSON", 0, 1, 0, 0, 0, 0, 0, 0, 0, 0, 0, 0, 1
"g:\GIS\地块管理系统\Build\Cesium\Cesium.d.ts", "TypeScript", 0, 0, 0, 0, 0, 0, 0, 0, 9651, 0, 34934, 585, 45170
"g:\GIS\地块管理系统\Build\Cesium\Cesium.js", "JavaScript", 8, 0, 0, 0, 0, 0, 0, 0, 0, 0, 48, 1, 57
"g:\GIS\地块管理系统\Build\Cesium\Scene\ModelExperimental\CustomShaderGuide\README.md", "Markdown", 0, 0, 0, 0, 0, 0, 0, 3, 0, 0, 0, 2, 5
"g:\GIS\地块管理系统\Build\Cesium\ThirdParty\Workers\basis_transcoder.js", "JavaScript", 1, 0, 0, 0, 0, 0, 0, 0, 0, 0, 0, 0, 1
"g:\GIS\地块管理系统\Build\Cesium\ThirdParty\Workers\draco_decoder_nodejs.js", "JavaScript", 116, 0, 0, 0, 0, 0, 0, 0, 0, 0, 0, 1, 117
"g:\GIS\地块管理系统\Build\Cesium\ThirdParty\Workers\pako_deflate.min.js", "JavaScript", 1, 0, 0, 0, 0, 0, 0, 0, 0, 0, 0, 0, 1
"g:\GIS\地块管理系统\Build\Cesium\ThirdParty\Workers\pako_inflate.min.js", "JavaScript", 1, 0, 0, 0, 0, 0, 0, 0, 0, 0, 0, 0, 1
"g:\GIS\地块管理系统\Build\Cesium\ThirdParty\Workers\z-worker-pako.js", "JavaScript", 1, 0, 0, 0, 0, 0, 0, 0, 0, 0, 0, 0, 1
"g:\GIS\地块管理系统\Build\Cesium\ThirdParty\basis_transcoder.wasm", "WebAssembly Text Format", 0, 0, 0, 0, 11066, 0, 0, 0, 0, 0, 0, 310, 11376
"g:\GIS\地块管理系统\Build\Cesium\ThirdParty\draco_decoder.wasm", "WebAssembly Text Format", 0, 0, 0, 0, 6401, 0, 0, 0, 0, 0, 0, 82, 6483
"g:\GIS\地块管理系统\Build\Cesium\ThirdParty\google-earth-dbroot-parser.js", "JavaScript", 1, 0, 0, 0, 0, 0, 0, 0, 0, 0, 0, 0, 1
"g:\GIS\地块管理系统\Build\Cesium\Widgets\Animation\Animation.css", "CSS", 0, 0, 0, 0, 0, 1, 0, 0, 0, 0, 0, 0, 1
"g:\GIS\地块管理系统\Build\Cesium\Widgets\Animation\lighter.css", "CSS", 0, 0, 0, 0, 0, 1, 0, 0, 0, 0, 0, 0, 1
"g:\GIS\地块管理系统\Build\Cesium\Widgets\BaseLayerPicker\BaseLayerPicker.css", "CSS", 0, 0, 0, 0, 0, 1, 0, 0, 0, 0, 0, 0, 1
"g:\GIS\地块管理系统\Build\Cesium\Widgets\BaseLayerPicker\lighter.css", "CSS", 0, 0, 0, 0, 0, 1, 0, 0, 0, 0, 0, 0, 1
"g:\GIS\地块管理系统\Build\Cesium\Widgets\Cesium3DTilesInspector\Cesium3DTilesInspector.css", "CSS", 0, 0, 0, 0, 0, 1, 0, 0, 0, 0, 0, 0, 1
"g:\GIS\地块管理系统\Build\Cesium\Widgets\CesiumInspector\CesiumInspector.css", "CSS", 0, 0, 0, 0, 0, 1, 0, 0, 0, 0, 0, 0, 1
"g:\GIS\地块管理系统\Build\Cesium\Widgets\CesiumWidget\CesiumWidget.css", "CSS", 0, 0, 0, 0, 0, 1, 0, 0, 0, 0, 0, 0, 1
"g:\GIS\地块管理系统\Build\Cesium\Widgets\CesiumWidget\lighter.css", "CSS", 0, 0, 0, 0, 0, 1, 0, 0, 0, 0, 0, 0, 1
"g:\GIS\地块管理系统\Build\Cesium\Widgets\FullscreenButton\FullscreenButton.css", "CSS", 0, 0, 0, 0, 0, 1, 0, 0, 0, 0, 0, 0, 1
"g:\GIS\地块管理系统\Build\Cesium\Widgets\Geocoder\Geocoder.css", "CSS", 0, 0, 0, 0, 0, 1, 0, 0, 0, 0, 0, 0, 1
"g:\GIS\地块管理系统\Build\Cesium\Widgets\Geocoder\lighter.css", "CSS", 0, 0, 0, 0, 0, 1, 0, 0, 0, 0, 0, 0, 1
"g:\GIS\地块管理系统\Build\Cesium\Widgets\Images\NavigationHelp\Mouse.svg", "XML", 0, 0, 0, 0, 0, 0, 80, 0, 0, 0, 1, 3, 84
"g:\GIS\地块管理系统\Build\Cesium\Widgets\Images\NavigationHelp\MouseLeft.svg", "XML", 0, 0, 0, 0, 0, 0, 72, 0, 0, 0, 1, 3, 76
"g:\GIS\地块管理系统\Build\Cesium\Widgets\Images\NavigationHelp\MouseMiddle.svg", "XML", 0, 0, 0, 0, 0, 0, 72, 0, 0, 0, 1, 3, 76
"g:\GIS\地块管理系统\Build\Cesium\Widgets\Images\NavigationHelp\MouseRight.svg", "XML", 0, 0, 0, 0, 0, 0, 72, 0, 0, 0, 1, 3, 76
"g:\GIS\地块管理系统\Build\Cesium\Widgets\Images\NavigationHelp\Touch.svg", "XML", 0, 0, 0, 0, 0, 0, 117, 0, 0, 0, 1, 2, 120
"g:\GIS\地块管理系统\Build\Cesium\Widgets\Images\NavigationHelp\TouchDrag.svg", "XML", 0, 0, 0, 0, 0, 0, 127, 0, 0, 0, 1, 1, 129
"g:\GIS\地块管理系统\Build\Cesium\Widgets\Images\NavigationHelp\TouchRotate.svg", "XML", 0, 0, 0, 0, 0, 0, 73, 0, 0, 0, 1, 2, 76
"g:\GIS\地块管理系统\Build\Cesium\Widgets\Images\NavigationHelp\TouchTilt.svg", "XML", 0, 0, 0, 0, 0, 0, 133, 0, 0, 0, 1, 1, 135
"g:\GIS\地块管理系统\Build\Cesium\Widgets\Images\NavigationHelp\TouchZoom.svg", "XML", 0, 0, 0, 0, 0, 0, 71, 0, 0, 0, 1, 2, 74
"g:\GIS\地块管理系统\Build\Cesium\Widgets\InfoBox\InfoBox.css", "CSS", 0, 0, 0, 0, 0, 1, 0, 0, 0, 0, 0, 0, 1
"g:\GIS\地块管理系统\Build\Cesium\Widgets\InfoBox\InfoBoxDescription.css", "CSS", 0, 0, 0, 0, 0, 1, 0, 0, 0, 0, 0, 0, 1
"g:\GIS\地块管理系统\Build\Cesium\Widgets\NavigationHelpButton\NavigationHelpButton.css", "CSS", 0, 0, 0, 0, 0, 1, 0, 0, 0, 0, 0, 0, 1
"g:\GIS\地块管理系统\Build\Cesium\Widgets\NavigationHelpButton\lighter.css", "CSS", 0, 0, 0, 0, 0, 1, 0, 0, 0, 0, 0, 0, 1
"g:\GIS\地块管理系统\Build\Cesium\Widgets\PerformanceWatchdog\PerformanceWatchdog.css", "CSS", 0, 0, 0, 0, 0, 1, 0, 0, 0, 0, 0, 0, 1
"g:\GIS\地块管理系统\Build\Cesium\Widgets\ProjectionPicker\ProjectionPicker.css", "CSS", 0, 0, 0, 0, 0, 1, 0, 0, 0, 0, 0, 0, 1
"g:\GIS\地块管理系统\Build\Cesium\Widgets\SceneModePicker\SceneModePicker.css", "CSS", 0, 0, 0, 0, 0, 1, 0, 0, 0, 0, 0, 0, 1
"g:\GIS\地块管理系统\Build\Cesium\Widgets\SelectionIndicator\SelectionIndicator.css", "CSS", 0, 0, 0, 0, 0, 1, 0, 0, 0, 0, 0, 0, 1
"g:\GIS\地块管理系统\Build\Cesium\Widgets\Timeline\Timeline.css", "CSS", 0, 0, 0, 0, 0, 1, 0, 0, 0, 0, 0, 0, 1
"g:\GIS\地块管理系统\Build\Cesium\Widgets\Timeline\lighter.css", "CSS", 0, 0, 0, 0, 0, 1, 0, 0, 0, 0, 0, 0, 1
"g:\GIS\地块管理系统\Build\Cesium\Widgets\VRButton\VRButton.css", "CSS", 0, 0, 0, 0, 0, 1, 0, 0, 0, 0, 0, 0, 1
"g:\GIS\地块管理系统\Build\Cesium\Widgets\Viewer\Viewer.css", "CSS", 0, 0, 0, 0, 0, 1, 0, 0, 0, 0, 0, 0, 1
"g:\GIS\地块管理系统\Build\Cesium\Widgets\lighter.css", "CSS", 0, 0, 0, 0, 0, 1, 0, 0, 0, 0, 0, 0, 1
"g:\GIS\地块管理系统\Build\Cesium\Widgets\lighterShared.css", "CSS", 0, 0, 0, 0, 0, 1, 0, 0, 0, 0, 0, 0, 1
"g:\GIS\地块管理系统\Build\Cesium\Widgets\shared.css", "CSS", 0, 0, 0, 0, 0, 1, 0, 0, 0, 0, 0, 0, 1
"g:\GIS\地块管理系统\Build\Cesium\Widgets\widgets.css", "CSS", 0, 0, 0, 0, 0, 1, 0, 0, 0, 0, 0, 0, 1
"g:\GIS\地块管理系统\Build\Cesium\Workers\ArcType-fc72c06c.js", "JavaScript", 1, 0, 0, 0, 0, 0, 0, 0, 0, 0, 0, 1, 2
"g:\GIS\地块管理系统\Build\Cesium\Workers\AttributeCompression-d533c8a1.js", "JavaScript", 1, 0, 0, 0, 0, 0, 0, 0, 0, 0, 0, 1, 2
"g:\GIS\地块管理系统\Build\Cesium\Workers\AxisAlignedBoundingBox-842a104c.js", "JavaScript", 1, 0, 0, 0, 0, 0, 0, 0, 0, 0, 0, 1, 2
"g:\GIS\地块管理系统\Build\Cesium\Workers\BoundingRectangle-ea0566b7.js", "JavaScript", 1, 0, 0, 0, 0, 0, 0, 0, 0, 0, 0, 1, 2
"g:\GIS\地块管理系统\Build\Cesium\Workers\BoxGeometry-0a5f3bd6.js", "JavaScript", 1, 0, 0, 0, 0, 0, 0, 0, 0, 0, 0, 1, 2
"g:\GIS\地块管理系统\Build\Cesium\Workers\Color-f8d3a542.js", "JavaScript", 1, 0, 0, 0, 0, 0, 0, 0, 0, 0, 0, 1, 2
"g:\GIS\地块管理系统\Build\Cesium\Workers\ComponentDatatype-be80d12c.js", "JavaScript", 1, 0, 0, 0, 0, 0, 0, 0, 0, 0, 0, 1, 2
"g:\GIS\地块管理系统\Build\Cesium\Workers\CoplanarPolygonGeometryLibrary-e02d2a21.js", "JavaScript", 1, 0, 0, 0, 0, 0, 0, 0, 0, 0, 0, 1, 2
"g:\GIS\地块管理系统\Build\Cesium\Workers\CorridorGeometryLibrary-11d2dba0.js", "JavaScript", 1, 0, 0, 0, 0, 0, 0, 0, 0, 0, 0, 1, 2
"g:\GIS\地块管理系统\Build\Cesium\Workers\CylinderGeometry-542da09e.js", "JavaScript", 1, 0, 0, 0, 0, 0, 0, 0, 0, 0, 0, 1, 2
"g:\GIS\地块管理系统\Build\Cesium\Workers\CylinderGeometryLibrary-3ef269dc.js", "JavaScript", 1, 0, 0, 0, 0, 0, 0, 0, 0, 0, 0, 1, 2
"g:\GIS\地块管理系统\Build\Cesium\Workers\EllipseGeometry-17d141fd.js", "JavaScript", 1, 0, 0, 0, 0, 0, 0, 0, 0, 0, 0, 1, 2
"g:\GIS\地块管理系统\Build\Cesium\Workers\EllipseGeometryLibrary-97a827f4.js", "JavaScript", 1, 0, 0, 0, 0, 0, 0, 0, 0, 0, 0, 1, 2
"g:\GIS\地块管理系统\Build\Cesium\Workers\EllipseOutlineGeometry-acd7d0c0.js", "JavaScript", 1, 0, 0, 0, 0, 0, 0, 0, 0, 0, 0, 1, 2
"g:\GIS\地块管理系统\Build\Cesium\Workers\EllipsoidGeodesic-1c1ae0bb.js", "JavaScript", 1, 0, 0, 0, 0, 0, 0, 0, 0, 0, 0, 1, 2
"g:\GIS\地块管理系统\Build\Cesium\Workers\EllipsoidGeometry-195bae20.js", "JavaScript", 1, 0, 0, 0, 0, 0, 0, 0, 0, 0, 0, 1, 2
"g:\GIS\地块管理系统\Build\Cesium\Workers\EllipsoidOutlineGeometry-7f3a2bcb.js", "JavaScript", 1, 0, 0, 0, 0, 0, 0, 0, 0, 0, 0, 1, 2
"g:\GIS\地块管理系统\Build\Cesium\Workers\EllipsoidRhumbLine-c2325569.js", "JavaScript", 1, 0, 0, 0, 0, 0, 0, 0, 0, 0, 0, 1, 2
"g:\GIS\地块管理系统\Build\Cesium\Workers\EllipsoidTangentPlane-db930c09.js", "JavaScript", 1, 0, 0, 0, 0, 0, 0, 0, 0, 0, 0, 1, 2
"g:\GIS\地块管理系统\Build\Cesium\Workers\EncodedCartesian3-17187cc5.js", "JavaScript", 1, 0, 0, 0, 0, 0, 0, 0, 0, 0, 0, 1, 2
"g:\GIS\地块管理系统\Build\Cesium\Workers\FrustumGeometry-6fa8d1bc.js", "JavaScript", 1, 0, 0, 0, 0, 0, 0, 0, 0, 0, 0, 1, 2
"g:\GIS\地块管理系统\Build\Cesium\Workers\GeometryAttribute-6e58c1bc.js", "JavaScript", 1, 0, 0, 0, 0, 0, 0, 0, 0, 0, 0, 1, 2
"g:\GIS\地块管理系统\Build\Cesium\Workers\GeometryAttributes-32b29525.js", "JavaScript", 1, 0, 0, 0, 0, 0, 0, 0, 0, 0, 0, 1, 2
"g:\GIS\地块管理系统\Build\Cesium\Workers\GeometryInstance-c4f24c7c.js", "JavaScript", 1, 0, 0, 0, 0, 0, 0, 0, 0, 0, 0, 1, 2
"g:\GIS\地块管理系统\Build\Cesium\Workers\GeometryOffsetAttribute-8c5e10db.js", "JavaScript", 1, 0, 0, 0, 0, 0, 0, 0, 0, 0, 0, 1, 2
"g:\GIS\地块管理系统\Build\Cesium\Workers\GeometryPipeline-53aca64d.js", "JavaScript", 1, 0, 0, 0, 0, 0, 0, 0, 0, 0, 0, 1, 2
"g:\GIS\地块管理系统\Build\Cesium\Workers\IndexDatatype-a852edb7.js", "JavaScript", 1, 0, 0, 0, 0, 0, 0, 0, 0, 0, 0, 1, 2
"g:\GIS\地块管理系统\Build\Cesium\Workers\IntersectionTests-325bf999.js", "JavaScript", 1, 0, 0, 0, 0, 0, 0, 0, 0, 0, 0, 1, 2
"g:\GIS\地块管理系统\Build\Cesium\Workers\Matrix2-7fbd2afb.js", "JavaScript", 1, 0, 0, 0, 0, 0, 0, 0, 0, 0, 0, 1, 2
"g:\GIS\地块管理系统\Build\Cesium\Workers\OrientedBoundingBox-b8b451b9.js", "JavaScript", 1, 0, 0, 0, 0, 0, 0, 0, 0, 0, 0, 1, 2
"g:\GIS\地块管理系统\Build\Cesium\Workers\Plane-85eed013.js", "JavaScript", 1, 0, 0, 0, 0, 0, 0, 0, 0, 0, 0, 1, 2
"g:\GIS\地块管理系统\Build\Cesium\Workers\PolygonGeometryLibrary-2768b436.js", "JavaScript", 1, 0, 0, 0, 0, 0, 0, 0, 0, 0, 0, 1, 2
"g:\GIS\地块管理系统\Build\Cesium\Workers\PolygonPipeline-fd65423b.js", "JavaScript", 1, 0, 0, 0, 0, 0, 0, 0, 0, 0, 0, 1, 2
"g:\GIS\地块管理系统\Build\Cesium\Workers\PolylinePipeline-c435859c.js", "JavaScript", 1, 0, 0, 0, 0, 0, 0, 0, 0, 0, 0, 1, 2
"g:\GIS\地块管理系统\Build\Cesium\Workers\PolylineVolumeGeometryLibrary-6c63973e.js", "JavaScript", 1, 0, 0, 0, 0, 0, 0, 0, 0, 0, 0, 1, 2
"g:\GIS\地块管理系统\Build\Cesium\Workers\PrimitivePipeline-3a742235.js", "JavaScript", 1, 0, 0, 0, 0, 0, 0, 0, 0, 0, 0, 1, 2
"g:\GIS\地块管理系统\Build\Cesium\Workers\RectangleGeometryLibrary-1b05dafe.js", "JavaScript", 1, 0, 0, 0, 0, 0, 0, 0, 0, 0, 0, 1, 2
"g:\GIS\地块管理系统\Build\Cesium\Workers\RuntimeError-8952249c.js", "JavaScript", 1, 0, 0, 0, 0, 0, 0, 0, 0, 0, 0, 1, 2
"g:\GIS\地块管理系统\Build\Cesium\Workers\TerrainEncoding-a3d6f38c.js", "JavaScript", 1, 0, 0, 0, 0, 0, 0, 0, 0, 0, 0, 1, 2
"g:\GIS\地块管理系统\Build\Cesium\Workers\Transforms-969e35b7.js", "JavaScript", 4, 0, 0, 0, 0, 0, 0, 0, 0, 0, 36, 0, 40
"g:\GIS\地块管理系统\Build\Cesium\Workers\VertexFormat-a0b706b0.js", "JavaScript", 1, 0, 0, 0, 0, 0, 0, 0, 0, 0, 0, 1, 2
"g:\GIS\地块管理系统\Build\Cesium\Workers\WallGeometryLibrary-cb541781.js", "JavaScript", 1, 0, 0, 0, 0, 0, 0, 0, 0, 0, 0, 1, 2
"g:\GIS\地块管理系统\Build\Cesium\Workers\WebGLConstants-508b9636.js", "JavaScript", 1, 0, 0, 0, 0, 0, 0, 0, 0, 0, 0, 1, 2
"g:\GIS\地块管理系统\Build\Cesium\Workers\WebMercatorProjection-cb3fa1f5.js", "JavaScript", 1, 0, 0, 0, 0, 0, 0, 0, 0, 0, 0, 1, 2
"g:\GIS\地块管理系统\Build\Cesium\Workers\_commonjsHelpers-3aae1032-26891ab7.js", "JavaScript", 1, 0, 0, 0, 0, 0, 0, 0, 0, 0, 0, 1, 2
"g:\GIS\地块管理系统\Build\Cesium\Workers\arrayRemoveDuplicates-ea800094.js", "JavaScript", 1, 0, 0, 0, 0, 0, 0, 0, 0, 0, 0, 1, 2
"g:\GIS\地块管理系统\Build\Cesium\Workers\cesiumWorkerBootstrapper.js", "JavaScript", 2, 0, 0, 0, 0, 0, 0, 0, 0, 0, 4, 0, 6
"g:\GIS\地块管理系统\Build\Cesium\Workers\combine-3c023bda.js", "JavaScript", 1, 0, 0, 0, 0, 0, 0, 0, 0, 0, 0, 1, 2
"g:\GIS\地块管理系统\Build\Cesium\Workers\combineGeometry.js", "JavaScript", 1, 0, 0, 0, 0, 0, 0, 0, 0, 0, 0, 1, 2
"g:\GIS\地块管理系统\Build\Cesium\Workers\createBoxGeometry.js", "JavaScript", 1, 0, 0, 0, 0, 0, 0, 0, 0, 0, 0, 1, 2
"g:\GIS\地块管理系统\Build\Cesium\Workers\createBoxOutlineGeometry.js", "JavaScript", 1, 0, 0, 0, 0, 0, 0, 0, 0, 0, 0, 1, 2
"g:\GIS\地块管理系统\Build\Cesium\Workers\createCircleGeometry.js", "JavaScript", 1, 0, 0, 0, 0, 0, 0, 0, 0, 0, 0, 1, 2
"g:\GIS\地块管理系统\Build\Cesium\Workers\createCircleOutlineGeometry.js", "JavaScript", 1, 0, 0, 0, 0, 0, 0, 0, 0, 0, 0, 1, 2
"g:\GIS\地块管理系统\Build\Cesium\Workers\createCoplanarPolygonGeometry.js", "JavaScript", 1, 0, 0, 0, 0, 0, 0, 0, 0, 0, 0, 1, 2
"g:\GIS\地块管理系统\Build\Cesium\Workers\createCoplanarPolygonOutlineGeometry.js", "JavaScript", 1, 0, 0, 0, 0, 0, 0, 0, 0, 0, 0, 1, 2
"g:\GIS\地块管理系统\Build\Cesium\Workers\createCorridorGeometry.js", "JavaScript", 1, 0, 0, 0, 0, 0, 0, 0, 0, 0, 0, 1, 2
"g:\GIS\地块管理系统\Build\Cesium\Workers\createCorridorOutlineGeometry.js", "JavaScript", 1, 0, 0, 0, 0, 0, 0, 0, 0, 0, 0, 1, 2
"g:\GIS\地块管理系统\Build\Cesium\Workers\createCylinderGeometry.js", "JavaScript", 1, 0, 0, 0, 0, 0, 0, 0, 0, 0, 0, 1, 2
"g:\GIS\地块管理系统\Build\Cesium\Workers\createCylinderOutlineGeometry.js", "JavaScript", 1, 0, 0, 0, 0, 0, 0, 0, 0, 0, 0, 1, 2
"g:\GIS\地块管理系统\Build\Cesium\Workers\createEllipseGeometry.js", "JavaScript", 1, 0, 0, 0, 0, 0, 0, 0, 0, 0, 0, 1, 2
"g:\GIS\地块管理系统\Build\Cesium\Workers\createEllipseOutlineGeometry.js", "JavaScript", 1, 0, 0, 0, 0, 0, 0, 0, 0, 0, 0, 1, 2
"g:\GIS\地块管理系统\Build\Cesium\Workers\createEllipsoidGeometry.js", "JavaScript", 1, 0, 0, 0, 0, 0, 0, 0, 0, 0, 0, 1, 2
"g:\GIS\地块管理系统\Build\Cesium\Workers\createEllipsoidOutlineGeometry.js", "JavaScript", 1, 0, 0, 0, 0, 0, 0, 0, 0, 0, 0, 1, 2
"g:\GIS\地块管理系统\Build\Cesium\Workers\createFrustumGeometry.js", "JavaScript", 1, 0, 0, 0, 0, 0, 0, 0, 0, 0, 0, 1, 2
"g:\GIS\地块管理系统\Build\Cesium\Workers\createFrustumOutlineGeometry.js", "JavaScript", 1, 0, 0, 0, 0, 0, 0, 0, 0, 0, 0, 1, 2
"g:\GIS\地块管理系统\Build\Cesium\Workers\createGeometry.js", "JavaScript", 1, 0, 0, 0, 0, 0, 0, 0, 0, 0, 0, 1, 2
"g:\GIS\地块管理系统\Build\Cesium\Workers\createGroundPolylineGeometry.js", "JavaScript", 1, 0, 0, 0, 0, 0, 0, 0, 0, 0, 0, 1, 2
"g:\GIS\地块管理系统\Build\Cesium\Workers\createPlaneGeometry.js", "JavaScript", 1, 0, 0, 0, 0, 0, 0, 0, 0, 0, 0, 1, 2
"g:\GIS\地块管理系统\Build\Cesium\Workers\createPlaneOutlineGeometry.js", "JavaScript", 1, 0, 0, 0, 0, 0, 0, 0, 0, 0, 0, 1, 2
"g:\GIS\地块管理系统\Build\Cesium\Workers\createPolygonGeometry.js", "JavaScript", 1, 0, 0, 0, 0, 0, 0, 0, 0, 0, 0, 1, 2
"g:\GIS\地块管理系统\Build\Cesium\Workers\createPolygonOutlineGeometry.js", "JavaScript", 1, 0, 0, 0, 0, 0, 0, 0, 0, 0, 0, 1, 2
"g:\GIS\地块管理系统\Build\Cesium\Workers\createPolylineGeometry.js", "JavaScript", 1, 0, 0, 0, 0, 0, 0, 0, 0, 0, 0, 1, 2
"g:\GIS\地块管理系统\Build\Cesium\Workers\createPolylineVolumeGeometry.js", "JavaScript", 1, 0, 0, 0, 0, 0, 0, 0, 0, 0, 0, 1, 2
"g:\GIS\地块管理系统\Build\Cesium\Workers\createPolylineVolumeOutlineGeometry.js", "JavaScript", 1, 0, 0, 0, 0, 0, 0, 0, 0, 0, 0, 1, 2
"g:\GIS\地块管理系统\Build\Cesium\Workers\createRectangleGeometry.js", "JavaScript", 1, 0, 0, 0, 0, 0, 0, 0, 0, 0, 0, 1, 2
"g:\GIS\地块管理系统\Build\Cesium\Workers\createRectangleOutlineGeometry.js", "JavaScript", 1, 0, 0, 0, 0, 0, 0, 0, 0, 0, 0, 1, 2
"g:\GIS\地块管理系统\Build\Cesium\Workers\createSimplePolylineGeometry.js", "JavaScript", 1, 0, 0, 0, 0, 0, 0, 0, 0, 0, 0, 1, 2
"g:\GIS\地块管理系统\Build\Cesium\Workers\createSphereGeometry.js", "JavaScript", 1, 0, 0, 0, 0, 0, 0, 0, 0, 0, 0, 1, 2
"g:\GIS\地块管理系统\Build\Cesium\Workers\createSphereOutlineGeometry.js", "JavaScript", 1, 0, 0, 0, 0, 0, 0, 0, 0, 0, 0, 1, 2
"g:\GIS\地块管理系统\Build\Cesium\Workers\createTaskProcessorWorker.js", "JavaScript", 1, 0, 0, 0, 0, 0, 0, 0, 0, 0, 0, 1, 2
"g:\GIS\地块管理系统\Build\Cesium\Workers\createVectorTileClampedPolylines.js", "JavaScript", 1, 0, 0, 0, 0, 0, 0, 0, 0, 0, 0, 1, 2
"g:\GIS\地块管理系统\Build\Cesium\Workers\createVectorTileGeometries.js", "JavaScript", 1, 0, 0, 0, 0, 0, 0, 0, 0, 0, 0, 1, 2
"g:\GIS\地块管理系统\Build\Cesium\Workers\createVectorTilePoints.js", "JavaScript", 1, 0, 0, 0, 0, 0, 0, 0, 0, 0, 0, 1, 2
"g:\GIS\地块管理系统\Build\Cesium\Workers\createVectorTilePolygons.js", "JavaScript", 1, 0, 0, 0, 0, 0, 0, 0, 0, 0, 0, 1, 2
"g:\GIS\地块管理系统\Build\Cesium\Workers\createVectorTilePolylines.js", "JavaScript", 1, 0, 0, 0, 0, 0, 0, 0, 0, 0, 0, 1, 2
"g:\GIS\地块管理系统\Build\Cesium\Workers\createVerticesFromGoogleEarthEnterpriseBuffer.js", "JavaScript", 1, 0, 0, 0, 0, 0, 0, 0, 0, 0, 0, 1, 2
"g:\GIS\地块管理系统\Build\Cesium\Workers\createVerticesFromHeightmap.js", "JavaScript", 2, 0, 0, 0, 0, 0, 0, 0, 0, 0, 1, 1, 4
"g:\GIS\地块管理系统\Build\Cesium\Workers\createVerticesFromQuantizedTerrainMesh.js", "JavaScript", 1, 0, 0, 0, 0, 0, 0, 0, 0, 0, 0, 1, 2
"g:\GIS\地块管理系统\Build\Cesium\Workers\createWallGeometry.js", "JavaScript", 1, 0, 0, 0, 0, 0, 0, 0, 0, 0, 0, 1, 2
"g:\GIS\地块管理系统\Build\Cesium\Workers\createWallOutlineGeometry.js", "JavaScript", 1, 0, 0, 0, 0, 0, 0, 0, 0, 0, 0, 1, 2
"g:\GIS\地块管理系统\Build\Cesium\Workers\decodeDraco.js", "JavaScript", 1, 0, 0, 0, 0, 0, 0, 0, 0, 0, 0, 1, 2
"g:\GIS\地块管理系统\Build\Cesium\Workers\decodeGoogleEarthEnterprisePacket.js", "JavaScript", 1, 0, 0, 0, 0, 0, 0, 0, 0, 0, 0, 1, 2
"g:\GIS\地块管理系统\Build\Cesium\Workers\defaultValue-81eec7ed.js", "JavaScript", 1, 0, 0, 0, 0, 0, 0, 0, 0, 0, 0, 1, 2
"g:\GIS\地块管理系统\Build\Cesium\Workers\transcodeKTX2.js", "JavaScript", 1, 0, 0, 0, 0, 0, 0, 0, 0, 0, 0, 1, 2
"g:\GIS\地块管理系统\Build\Cesium\Workers\transferTypedArrayTest.js", "JavaScript", 1, 0, 0, 0, 0, 0, 0, 0, 0, 0, 0, 0, 1
"g:\GIS\地块管理系统\Build\Cesium\Workers\upsampleQuantizedTerrainMesh.js", "JavaScript", 1, 0, 0, 0, 0, 0, 0, 0, 0, 0, 0, 1, 2
"g:\GIS\地块管理系统\Build\Cesium\measure\Cesium.js", "JavaScript", 1, 0, 0, 0, 0, 0, 0, 0, 0, 0, 0, 1, 2
"g:\GIS\地块管理系统\Build\Documentation\Animation.html", "HTML", 0, 0, 0, 240, 0, 0, 0, 0, 0, 0, 3, 540, 783
"g:\GIS\地块管理系统\Build\Documentation\AnimationViewModel.html", "HTML", 0, 0, 0, 506, 0, 0, 0, 0, 0, 0, 3, 1372, 1881
"g:\GIS\地块管理系统\Build\Documentation\Appearance.html", "HTML", 0, 0, 0, 344, 0, 0, 0, 0, 0, 0, 3, 805, 1152
"g:\GIS\地块管理系统\Build\Documentation\ArcGISTiledElevationTerrainProvider.html", "HTML", 0, 0, 0, 484, 0, 0, 0, 0, 0, 0, 3, 1111, 1598
"g:\GIS\地块管理系统\Build\Documentation\ArcGisMapServerImageryProvider.html", "HTML", 0, 0, 0, 990, 0, 0, 0, 0, 0, 0, 3, 2297, 3290
"g:\GIS\地块管理系统\Build\Documentation\AssociativeArray.html", "HTML", 0, 0, 0, 281, 0, 0, 0, 0, 0, 0, 3, 684, 968
"g:\GIS\地块管理系统\Build\Documentation\AxisAlignedBoundingBox.html", "HTML", 0, 0, 0, 539, 0, 0, 0, 0, 0, 0, 3, 1286, 1828
"g:\GIS\地块管理系统\Build\Documentation\BaseLayerPicker.html", "HTML", 0, 0, 0, 301, 0, 0, 0, 0, 0, 0, 3, 534, 838
"g:\GIS\地块管理系统\Build\Documentation\BaseLayerPickerViewModel.html", "HTML", 0, 0, 0, 311, 0, 0, 0, 0, 0, 0, 3, 696, 1010
"g:\GIS\地块管理系统\Build\Documentation\Billboard.html", "HTML", 0, 0, 0, 857, 0, 0, 0, 0, 0, 0, 3, 1754, 2614
"g:\GIS\地块管理系统\Build\Documentation\BillboardCollection.html", "HTML", 0, 0, 0, 714, 0, 0, 0, 0, 0, 0, 3, 1313, 2030
"g:\GIS\地块管理系统\Build\Documentation\BillboardGraphics.html", "HTML", 0, 0, 0, 881, 0, 0, 0, 0, 0, 0, 3, 1884, 2768
"g:\GIS\地块管理系统\Build\Documentation\BillboardVisualizer.html", "HTML", 0, 0, 0, 171, 0, 0, 0, 0, 0, 0, 3, 394, 568
"g:\GIS\地块管理系统\Build\Documentation\BingMapsGeocoderService.html", "HTML", 0, 0, 0, 182, 0, 0, 0, 0, 0, 0, 3, 384, 569
"g:\GIS\地块管理系统\Build\Documentation\BingMapsImageryProvider.html", "HTML", 0, 0, 0, 970, 0, 0, 0, 0, 0, 0, 3, 2365, 3338
"g:\GIS\地块管理系统\Build\Documentation\BlendingState.html", "HTML", 0, 0, 0, 127, 0, 0, 0, 0, 0, 0, 3, 273, 403
"g:\GIS\地块管理系统\Build\Documentation\BoundingRectangle.html", "HTML", 0, 0, 0, 814, 0, 0, 0, 0, 0, 0, 3, 2001, 2818
"g:\GIS\地块管理系统\Build\Documentation\BoundingSphere.html", "HTML", 0, 0, 0, 1843, 0, 0, 0, 0, 0, 0, 3, 4473, 6319
"g:\GIS\地块管理系统\Build\Documentation\BoxEmitter.html", "HTML", 0, 0, 0, 110, 0, 0, 0, 0, 0, 0, 3, 189, 302
"g:\GIS\地块管理系统\Build\Documentation\BoxGeometry.html", "HTML", 0, 0, 0, 467, 0, 0, 0, 0, 0, 0, 3, 944, 1414
"g:\GIS\地块管理系统\Build\Documentation\BoxGeometryUpdater.html", "HTML", 0, 0, 0, 194, 0, 0, 0, 0, 0, 0, 3, 363, 560
"g:\GIS\地块管理系统\Build\Documentation\BoxGraphics.html", "HTML", 0, 0, 0, 522, 0, 0, 0, 0, 0, 0, 3, 1178, 1703
"g:\GIS\地块管理系统\Build\Documentation\BoxOutlineGeometry.html", "HTML", 0, 0, 0, 430, 0, 0, 0, 0, 0, 0, 3, 873, 1306
"g:\GIS\地块管理系统\Build\Documentation\CallbackProperty.html", "HTML", 0, 0, 0, 304, 0, 0, 0, 0, 0, 0, 3, 715, 1022
"g:\GIS\地块管理系统\Build\Documentation\Camera.html", "HTML", 0, 0, 0, 2817, 0, 0, 0, 0, 0, 0, 3, 7083, 9903
"g:\GIS\地块管理系统\Build\Documentation\CameraEventAggregator.html", "HTML", 0, 0, 0, 527, 0, 0, 0, 0, 0, 0, 3, 1332, 1862
"g:\GIS\地块管理系统\Build\Documentation\Cartesian2.html", "HTML", 0, 0, 0, 2094, 0, 0, 0, 0, 0, 0, 3, 5195, 7292
"g:\GIS\地块管理系统\Build\Documentation\Cartesian3.html", "HTML", 0, 0, 0, 2691, 0, 0, 0, 0, 0, 0, 3, 6631, 9325
"g:\GIS\地块管理系统\Build\Documentation\Cartesian4.html", "HTML", 0, 0, 0, 2107, 0, 0, 0, 0, 0, 0, 3, 5243, 7353
"g:\GIS\地块管理系统\Build\Documentation\Cartographic.html", "HTML", 0, 0, 0, 776, 0, 0, 0, 0, 0, 0, 3, 1861, 2640
"g:\GIS\地块管理系统\Build\Documentation\CartographicGeocoderService.html", "HTML", 0, 0, 0, 106, 0, 0, 0, 0, 0, 0, 3, 212, 321
"g:\GIS\地块管理系统\Build\Documentation\CatmullRomSpline.html", "HTML", 0, 0, 0, 419, 0, 0, 0, 0, 0, 0, 3, 869, 1291
"g:\GIS\地块管理系统\Build\Documentation\Cesium3DTile.html", "HTML", 0, 0, 0, 244, 0, 0, 0, 0, 0, 0, 3, 623, 870
"g:\GIS\地块管理系统\Build\Documentation\Cesium3DTileContent.html", "HTML", 0, 0, 0, 348, 0, 0, 0, 0, 0, 0, 3, 844, 1195
"g:\GIS\地块管理系统\Build\Documentation\Cesium3DTileFeature.html", "HTML", 0, 0, 0, 486, 0, 0, 0, 0, 0, 0, 3, 961, 1450
"g:\GIS\地块管理系统\Build\Documentation\Cesium3DTilePointFeature.html", "HTML", 0, 0, 0, 745, 0, 0, 0, 0, 0, 0, 3, 1837, 2585
"g:\GIS\地块管理系统\Build\Documentation\Cesium3DTileStyle.html", "HTML", 0, 0, 0, 1154, 0, 0, 0, 0, 0, 0, 3, 1716, 2873
"g:\GIS\地块管理系统\Build\Documentation\Cesium3DTilesInspector.html", "HTML", 0, 0, 0, 162, 0, 0, 0, 0, 0, 0, 3, 391, 556
"g:\GIS\地块管理系统\Build\Documentation\Cesium3DTilesInspectorViewModel.html", "HTML", 0, 0, 0, 1194, 0, 0, 0, 0, 0, 0, 3, 3743, 4940
"g:\GIS\地块管理系统\Build\Documentation\Cesium3DTileset.html", "HTML", 0, 0, 0, 2611, 0, 0, 0, 0, 0, 0, 3, 5649, 8263
"g:\GIS\地块管理系统\Build\Documentation\Cesium3DTilesetGraphics.html", "HTML", 0, 0, 0, 301, 0, 0, 0, 0, 0, 0, 3, 674, 978
"g:\GIS\地块管理系统\Build\Documentation\Cesium3DTilesetVisualizer.html", "HTML", 0, 0, 0, 171, 0, 0, 0, 0, 0, 0, 3, 394, 568
"g:\GIS\地块管理系统\Build\Documentation\CesiumInspector.html", "HTML", 0, 0, 0, 166, 0, 0, 0, 0, 0, 0, 3, 392, 561
"g:\GIS\地块管理系统\Build\Documentation\CesiumInspectorViewModel.html", "HTML", 0, 0, 0, 838, 0, 0, 0, 0, 0, 0, 3, 2484, 3325
"g:\GIS\地块管理系统\Build\Documentation\CesiumTerrainProvider.html", "HTML", 0, 0, 0, 604, 0, 0, 0, 0, 0, 0, 3, 1380, 1987
"g:\GIS\地块管理系统\Build\Documentation\CesiumWidget.html", "HTML", 0, 0, 0, 773, 0, 0, 0, 0, 0, 0, 3, 1804, 2580
"g:\GIS\地块管理系统\Build\Documentation\CheckerboardMaterialProperty.html", "HTML", 0, 0, 0, 351, 0, 0, 0, 0, 0, 0, 3, 796, 1150
"g:\GIS\地块管理系统\Build\Documentation\CircleEmitter.html", "HTML", 0, 0, 0, 131, 0, 0, 0, 0, 0, 0, 3, 246, 380
"g:\GIS\地块管理系统\Build\Documentation\CircleGeometry.html", "HTML", 0, 0, 0, 402, 0, 0, 0, 0, 0, 0, 3, 808, 1213
"g:\GIS\地块管理系统\Build\Documentation\CircleOutlineGeometry.html", "HTML", 0, 0, 0, 390, 0, 0, 0, 0, 0, 0, 3, 784, 1177
"g:\GIS\地块管理系统\Build\Documentation\ClassificationPrimitive.html", "HTML", 0, 0, 0, 691, 0, 0, 0, 0, 0, 0, 3, 1497, 2191
"g:\GIS\地块管理系统\Build\Documentation\ClippingPlane.html", "HTML", 0, 0, 0, 231, 0, 0, 0, 0, 0, 0, 3, 500, 734
"g:\GIS\地块管理系统\Build\Documentation\ClippingPlaneCollection.html", "HTML", 0, 0, 0, 613, 0, 0, 0, 0, 0, 0, 3, 1372, 1988
"g:\GIS\地块管理系统\Build\Documentation\Clock.html", "HTML", 0, 0, 0, 416, 0, 0, 0, 0, 0, 0, 3, 899, 1318
"g:\GIS\地块管理系统\Build\Documentation\ClockViewModel.html", "HTML", 0, 0, 0, 302, 0, 0, 0, 0, 0, 0, 3, 817, 1122
"g:\GIS\地块管理系统\Build\Documentation\CloudCollection.html", "HTML", 0, 0, 0, 658, 0, 0, 0, 0, 0, 0, 3, 1238, 1899
"g:\GIS\地块管理系统\Build\Documentation\Color.html", "HTML", 0, 0, 0, 4176, 0, 0, 0, 0, 0, 0, 3, 11468, 15647
"g:\GIS\地块管理系统\Build\Documentation\ColorGeometryInstanceAttribute.html", "HTML", 0, 0, 0, 360, 0, 0, 0, 0, 0, 0, 3, 773, 1136
"g:\GIS\地块管理系统\Build\Documentation\ColorMaterialProperty.html", "HTML", 0, 0, 0, 270, 0, 0, 0, 0, 0, 0, 3, 621, 894
"g:\GIS\地块管理系统\Build\Documentation\Command.html", "HTML", 0, 0, 0, 130, 0, 0, 0, 0, 0, 0, 3, 258, 391
"g:\GIS\地块管理系统\Build\Documentation\CompositeEntityCollection.html", "HTML", 0, 0, 0, 706, 0, 0, 0, 0, 0, 0, 3, 1801, 2510
"g:\GIS\地块管理系统\Build\Documentation\CompositeMaterialProperty.html", "HTML", 0, 0, 0, 242, 0, 0, 0, 0, 0, 0, 3, 583, 828
"g:\GIS\地块管理系统\Build\Documentation\CompositePositionProperty.html", "HTML", 0, 0, 0, 300, 0, 0, 0, 0, 0, 0, 3, 711, 1014
"g:\GIS\地块管理系统\Build\Documentation\CompositeProperty.html", "HTML", 0, 0, 0, 230, 0, 0, 0, 0, 0, 0, 3, 491, 724
"g:\GIS\地块管理系统\Build\Documentation\CompressedTextureBuffer.html", "HTML", 0, 0, 0, 251, 0, 0, 0, 0, 0, 0, 3, 605, 859
"g:\GIS\地块管理系统\Build\Documentation\ConditionsExpression.html", "HTML", 0, 0, 0, 238, 0, 0, 0, 0, 0, 0, 3, 470, 711
"g:\GIS\地块管理系统\Build\Documentation\ConeEmitter.html", "HTML", 0, 0, 0, 98, 0, 0, 0, 0, 0, 0, 3, 149, 250
"g:\GIS\地块管理系统\Build\Documentation\ConstantPositionProperty.html", "HTML", 0, 0, 0, 345, 0, 0, 0, 0, 0, 0, 3, 814, 1162
"g:\GIS\地块管理系统\Build\Documentation\ConstantProperty.html", "HTML", 0, 0, 0, 285, 0, 0, 0, 0, 0, 0, 3, 710, 998
"g:\GIS\地块管理系统\Build\Documentation\ConstantSpline.html", "HTML", 0, 0, 0, 291, 0, 0, 0, 0, 0, 0, 3, 622, 916
"g:\GIS\地块管理系统\Build\Documentation\CoplanarPolygonGeometry.html", "HTML", 0, 0, 0, 470, 0, 0, 0, 0, 0, 0, 3, 954, 1427
"g:\GIS\地块管理系统\Build\Documentation\CoplanarPolygonOutlineGeometry.html", "HTML", 0, 0, 0, 358, 0, 0, 0, 0, 0, 0, 3, 745, 1106
"g:\GIS\地块管理系统\Build\Documentation\CorridorGeometry.html", "HTML", 0, 0, 0, 492, 0, 0, 0, 0, 0, 0, 3, 1025, 1520
"g:\GIS\地块管理系统\Build\Documentation\CorridorGeometryUpdater.html", "HTML", 0, 0, 0, 194, 0, 0, 0, 0, 0, 0, 3, 363, 560
"g:\GIS\地块管理系统\Build\Documentation\CorridorGraphics.html", "HTML", 0, 0, 0, 771, 0, 0, 0, 0, 0, 0, 3, 1750, 2524
"g:\GIS\地块管理系统\Build\Documentation\CorridorOutlineGeometry.html", "HTML", 0, 0, 0, 371, 0, 0, 0, 0, 0, 0, 3, 772, 1146
"g:\GIS\地块管理系统\Build\Documentation\Credit.html", "HTML", 0, 0, 0, 283, 0, 0, 0, 0, 0, 0, 3, 638, 924
"g:\GIS\地块管理系统\Build\Documentation\CreditDisplay.html", "HTML", 0, 0, 0, 339, 0, 0, 0, 0, 0, 0, 3, 920, 1262
"g:\GIS\地块管理系统\Build\Documentation\CubicRealPolynomial.html", "HTML", 0, 0, 0, 188, 0, 0, 0, 0, 0, 0, 3, 375, 566
"g:\GIS\地块管理系统\Build\Documentation\CullingVolume.html", "HTML", 0, 0, 0, 197, 0, 0, 0, 0, 0, 0, 3, 420, 620
"g:\GIS\地块管理系统\Build\Documentation\CumulusCloud.html", "HTML", 0, 0, 0, 306, 0, 0, 0, 0, 0, 0, 3, 455, 764
"g:\GIS\地块管理系统\Build\Documentation\CustomDataSource.html", "HTML", 0, 0, 0, 270, 0, 0, 0, 0, 0, 0, 3, 668, 941
"g:\GIS\地块管理系统\Build\Documentation\CustomHeightmapTerrainProvider.html", "HTML", 0, 0, 0, 576, 0, 0, 0, 0, 0, 0, 3, 1346, 1925
"g:\GIS\地块管理系统\Build\Documentation\CustomShader.html", "HTML", 0, 0, 0, 300, 0, 0, 0, 0, 0, 0, 3, 439, 742
"g:\GIS\地块管理系统\Build\Documentation\CylinderGeometry.html", "HTML", 0, 0, 0, 358, 0, 0, 0, 0, 0, 0, 3, 728, 1089
"g:\GIS\地块管理系统\Build\Documentation\CylinderGeometryUpdater.html", "HTML", 0, 0, 0, 194, 0, 0, 0, 0, 0, 0, 3, 363, 560
"g:\GIS\地块管理系统\Build\Documentation\CylinderGraphics.html", "HTML", 0, 0, 0, 637, 0, 0, 0, 0, 0, 0, 3, 1461, 2101
"g:\GIS\地块管理系统\Build\Documentation\CylinderOutlineGeometry.html", "HTML", 0, 0, 0, 382, 0, 0, 0, 0, 0, 0, 3, 748, 1133
"g:\GIS\地块管理系统\Build\Documentation\CzmlDataSource.html", "HTML", 0, 0, 0, 781, 0, 0, 0, 0, 0, 0, 3, 1900, 2684
"g:\GIS\地块管理系统\Build\Documentation\DataSource.html", "HTML", 0, 0, 0, 248, 0, 0, 0, 0, 0, 0, 3, 633, 884
"g:\GIS\地块管理系统\Build\Documentation\DataSourceClock.html", "HTML", 0, 0, 0, 307, 0, 0, 0, 0, 0, 0, 3, 808, 1118
"g:\GIS\地块管理系统\Build\Documentation\DataSourceCollection.html", "HTML", 0, 0, 0, 663, 0, 0, 0, 0, 0, 0, 3, 1588, 2254
"g:\GIS\地块管理系统\Build\Documentation\DataSourceDisplay.html", "HTML", 0, 0, 0, 360, 0, 0, 0, 0, 0, 0, 3, 841, 1204
"g:\GIS\地块管理系统\Build\Documentation\DebugAppearance.html", "HTML", 0, 0, 0, 373, 0, 0, 0, 0, 0, 0, 3, 890, 1266
"g:\GIS\地块管理系统\Build\Documentation\DebugCameraPrimitive.html", "HTML", 0, 0, 0, 277, 0, 0, 0, 0, 0, 0, 3, 543, 823
"g:\GIS\地块管理系统\Build\Documentation\DebugModelMatrixPrimitive.html", "HTML", 0, 0, 0, 326, 0, 0, 0, 0, 0, 0, 3, 669, 998
"g:\GIS\地块管理系统\Build\Documentation\DefaultProxy.html", "HTML", 0, 0, 0, 135, 0, 0, 0, 0, 0, 0, 3, 247, 385
"g:\GIS\地块管理系统\Build\Documentation\DeveloperError.html", "HTML", 0, 0, 0, 151, 0, 0, 0, 0, 0, 0, 3, 294, 448
"g:\GIS\地块管理系统\Build\Documentation\DirectionalLight.html", "HTML", 0, 0, 0, 195, 0, 0, 0, 0, 0, 0, 3, 368, 566
"g:\GIS\地块管理系统\Build\Documentation\DiscardEmptyTileImagePolicy.html", "HTML", 0, 0, 0, 150, 0, 0, 0, 0, 0, 0, 3, 336, 489
"g:\GIS\地块管理系统\Build\Documentation\DiscardMissingTileImagePolicy.html", "HTML", 0, 0, 0, 208, 0, 0, 0, 0, 0, 0, 3, 397, 608
"g:\GIS\地块管理系统\Build\Documentation\DistanceDisplayCondition.html", "HTML", 0, 0, 0, 452, 0, 0, 0, 0, 0, 0, 3, 1067, 1522
"g:\GIS\地块管理系统\Build\Documentation\DistanceDisplayConditionGeometryInstanceAttribute.html", "HTML", 0, 0, 0, 309, 0, 0, 0, 0, 0, 0, 3, 610, 922
"g:\GIS\地块管理系统\Build\Documentation\EasingFunction.html", "HTML", 0, 0, 0, 547, 0, 0, 0, 0, 0, 0, 3, 1620, 2170
"g:\GIS\地块管理系统\Build\Documentation\EllipseGeometry.html", "HTML", 0, 0, 0, 555, 0, 0, 0, 0, 0, 0, 3, 1130, 1688
"g:\GIS\地块管理系统\Build\Documentation\EllipseGeometryUpdater.html", "HTML", 0, 0, 0, 209, 0, 0, 0, 0, 0, 0, 3, 412, 624
"g:\GIS\地块管理系统\Build\Documentation\EllipseGraphics.html", "HTML", 0, 0, 0, 830, 0, 0, 0, 0, 0, 0, 3, 1894, 2727
"g:\GIS\地块管理系统\Build\Documentation\EllipseOutlineGeometry.html", "HTML", 0, 0, 0, 417, 0, 0, 0, 0, 0, 0, 3, 833, 1253
"g:\GIS\地块管理系统\Build\Documentation\Ellipsoid.html", "HTML", 0, 0, 0, 1294, 0, 0, 0, 0, 0, 0, 3, 3207, 4504
"g:\GIS\地块管理系统\Build\Documentation\EllipsoidGeodesic.html", "HTML", 0, 0, 0, 347, 0, 0, 0, 0, 0, 0, 3, 838, 1188
"g:\GIS\地块管理系统\Build\Documentation\EllipsoidGeometry.html", "HTML", 0, 0, 0, 417, 0, 0, 0, 0, 0, 0, 3, 841, 1261
"g:\GIS\地块管理系统\Build\Documentation\EllipsoidGeometryUpdater.html", "HTML", 0, 0, 0, 246, 0, 0, 0, 0, 0, 0, 3, 473, 722
"g:\GIS\地块管理系统\Build\Documentation\EllipsoidGraphics.html", "HTML", 0, 0, 0, 769, 0, 0, 0, 0, 0, 0, 3, 1753, 2525
"g:\GIS\地块管理系统\Build\Documentation\EllipsoidOutlineGeometry.html", "HTML", 0, 0, 0, 420, 0, 0, 0, 0, 0, 0, 3, 845, 1268
"g:\GIS\地块管理系统\Build\Documentation\EllipsoidRhumbLine.html", "HTML", 0, 0, 0, 537, 0, 0, 0, 0, 0, 0, 3, 1252, 1792
"g:\GIS\地块管理系统\Build\Documentation\EllipsoidSurfaceAppearance.html", "HTML", 0, 0, 0, 472, 0, 0, 0, 0, 0, 0, 3, 1085, 1560
"g:\GIS\地块管理系统\Build\Documentation\EllipsoidTangentPlane.html", "HTML", 0, 0, 0, 542, 0, 0, 0, 0, 0, 0, 3, 1334, 1879
"g:\GIS\地块管理系统\Build\Documentation\EllipsoidTerrainProvider.html", "HTML", 0, 0, 0, 466, 0, 0, 0, 0, 0, 0, 3, 1090, 1559
"g:\GIS\地块管理系统\Build\Documentation\Entity.html", "HTML", 0, 0, 0, 1176, 0, 0, 0, 0, 0, 0, 3, 2948, 4127
"g:\GIS\地块管理系统\Build\Documentation\EntityCluster.html", "HTML", 0, 0, 0, 414, 0, 0, 0, 0, 0, 0, 3, 936, 1353
"g:\GIS\地块管理系统\Build\Documentation\EntityCollection.html", "HTML", 0, 0, 0, 543, 0, 0, 0, 0, 0, 0, 3, 1395, 1941
"g:\GIS\地块管理系统\Build\Documentation\EntityView.html", "HTML", 0, 0, 0, 233, 0, 0, 0, 0, 0, 0, 3, 548, 784
"g:\GIS\地块管理系统\Build\Documentation\Event.html", "HTML", 0, 0, 0, 260, 0, 0, 0, 0, 0, 0, 3, 592, 855
"g:\GIS\地块管理系统\Build\Documentation\EventHelper.html", "HTML", 0, 0, 0, 178, 0, 0, 0, 0, 0, 0, 3, 405, 586
"g:\GIS\地块管理系统\Build\Documentation\ExperimentalFeatures.html", "HTML", 0, 0, 0, 96, 0, 0, 0, 0, 0, 0, 3, 138, 237
"g:\GIS\地块管理系统\Build\Documentation\Expression.html", "HTML", 0, 0, 0, 234, 0, 0, 0, 0, 0, 0, 3, 471, 708
"g:\GIS\地块管理系统\Build\Documentation\FeatureDetection.html", "HTML", 0, 0, 0, 259, 0, 0, 0, 0, 0, 0, 3, 699, 961
"g:\GIS\地块管理系统\Build\Documentation\Fog.html", "HTML", 0, 0, 0, 164, 0, 0, 0, 0, 0, 0, 3, 351, 518
"g:\GIS\地块管理系统\Build\Documentation\FrameRateMonitor.html", "HTML", 0, 0, 0, 464, 0, 0, 0, 0, 0, 0, 3, 1142, 1609
"g:\GIS\地块管理系统\Build\Documentation\FrustumGeometry.html", "HTML", 0, 0, 0, 323, 0, 0, 0, 0, 0, 0, 3, 691, 1017
"g:\GIS\地块管理系统\Build\Documentation\FrustumOutlineGeometry.html", "HTML", 0, 0, 0, 304, 0, 0, 0, 0, 0, 0, 3, 645, 952
"g:\GIS\地块管理系统\Build\Documentation\Fullscreen.html", "HTML", 0, 0, 0, 230, 0, 0, 0, 0, 0, 0, 3, 585, 818
"g:\GIS\地块管理系统\Build\Documentation\FullscreenButton.html", "HTML", 0, 0, 0, 184, 0, 0, 0, 0, 0, 0, 3, 415, 602
"g:\GIS\地块管理系统\Build\Documentation\FullscreenButtonViewModel.html", "HTML", 0, 0, 0, 219, 0, 0, 0, 0, 0, 0, 3, 549, 771
"g:\GIS\地块管理系统\Build\Documentation\GeoJsonDataSource.html", "HTML", 0, 0, 0, 806, 0, 0, 0, 0, 0, 0, 3, 1972, 2781
"g:\GIS\地块管理系统\Build\Documentation\Geocoder.html", "HTML", 0, 0, 0, 293, 0, 0, 0, 0, 0, 0, 3, 684, 980
"g:\GIS\地块管理系统\Build\Documentation\GeocoderService.html", "HTML", 0, 0, 0, 167, 0, 0, 0, 0, 0, 0, 3, 344, 514
"g:\GIS\地块管理系统\Build\Documentation\GeocoderViewModel.html", "HTML", 0, 0, 0, 345, 0, 0, 0, 0, 0, 0, 3, 870, 1218
"g:\GIS\地块管理系统\Build\Documentation\GeographicProjection.html", "HTML", 0, 0, 0, 222, 0, 0, 0, 0, 0, 0, 3, 450, 675
"g:\GIS\地块管理系统\Build\Documentation\GeographicTilingScheme.html", "HTML", 0, 0, 0, 512, 0, 0, 0, 0, 0, 0, 3, 1188, 1703
"g:\GIS\地块管理系统\Build\Documentation\Geometry.html", "HTML", 0, 0, 0, 339, 0, 0, 0, 0, 0, 0, 3, 556, 898
"g:\GIS\地块管理系统\Build\Documentation\GeometryAttribute.html", "HTML", 0, 0, 0, 298, 0, 0, 0, 0, 0, 0, 3, 466, 767
"g:\GIS\地块管理系统\Build\Documentation\GeometryAttributes.html", "HTML", 0, 0, 0, 192, 0, 0, 0, 0, 0, 0, 3, 398, 593
"g:\GIS\地块管理系统\Build\Documentation\GeometryFactory.html", "HTML", 0, 0, 0, 112, 0, 0, 0, 0, 0, 0, 3, 214, 329
"g:\GIS\地块管理系统\Build\Documentation\GeometryInstance.html", "HTML", 0, 0, 0, 258, 0, 0, 0, 0, 0, 0, 3, 440, 701
"g:\GIS\地块管理系统\Build\Documentation\GeometryInstanceAttribute.html", "HTML", 0, 0, 0, 278, 0, 0, 0, 0, 0, 0, 3, 451, 732
"g:\GIS\地块管理系统\Build\Documentation\GeometryPipeline.html", "HTML", 0, 0, 0, 815, 0, 0, 0, 0, 0, 0, 3, 1611, 2429
"g:\GIS\地块管理系统\Build\Documentation\GeometryUpdater.html", "HTML", 0, 0, 0, 569, 0, 0, 0, 0, 0, 0, 3, 1466, 2038
"g:\GIS\地块管理系统\Build\Documentation\GeometryVisualizer.html", "HTML", 0, 0, 0, 201, 0, 0, 0, 0, 0, 0, 3, 457, 661
"g:\GIS\地块管理系统\Build\Documentation\GetFeatureInfoFormat.html", "HTML", 0, 0, 0, 115, 0, 0, 0, 0, 0, 0, 3, 186, 304
"g:\GIS\地块管理系统\Build\Documentation\Globe.html", "HTML", 0, 0, 0, 1057, 0, 0, 0, 0, 0, 0, 3, 2748, 3808
"g:\GIS\地块管理系统\Build\Documentation\GlobeTranslucency.html", "HTML", 0, 0, 0, 253, 0, 0, 0, 0, 0, 0, 3, 424, 680
"g:\GIS\地块管理系统\Build\Documentation\GoogleEarthEnterpriseImageryProvider.html", "HTML", 0, 0, 0, 779, 0, 0, 0, 0, 0, 0, 3, 1904, 2686
"g:\GIS\地块管理系统\Build\Documentation\GoogleEarthEnterpriseMapsProvider.html", "HTML", 0, 0, 0, 918, 0, 0, 0, 0, 0, 0, 3, 2184, 3105
"g:\GIS\地块管理系统\Build\Documentation\GoogleEarthEnterpriseMetadata.html", "HTML", 0, 0, 0, 360, 0, 0, 0, 0, 0, 0, 3, 878, 1241
"g:\GIS\地块管理系统\Build\Documentation\GoogleEarthEnterpriseTerrainData.html", "HTML", 0, 0, 0, 454, 0, 0, 0, 0, 0, 0, 3, 922, 1379
"g:\GIS\地块管理系统\Build\Documentation\GoogleEarthEnterpriseTerrainProvider.html", "HTML", 0, 0, 0, 522, 0, 0, 0, 0, 0, 0, 3, 1227, 1752
"g:\GIS\地块管理系统\Build\Documentation\GpxDataSource.html", "HTML", 0, 0, 0, 512, 0, 0, 0, 0, 0, 0, 3, 1257, 1772
"g:\GIS\地块管理系统\Build\Documentation\GregorianDate.html", "HTML", 0, 0, 0, 274, 0, 0, 0, 0, 0, 0, 3, 664, 941
"g:\GIS\地块管理系统\Build\Documentation\GridImageryProvider.html", "HTML", 0, 0, 0, 842, 0, 0, 0, 0, 0, 0, 3, 2108, 2953
"g:\GIS\地块管理系统\Build\Documentation\GridMaterialProperty.html", "HTML", 0, 0, 0, 411, 0, 0, 0, 0, 0, 0, 3, 940, 1354
"g:\GIS\地块管理系统\Build\Documentation\GroundGeometryUpdater.html", "HTML", 0, 0, 0, 183, 0, 0, 0, 0, 0, 0, 3, 348, 534
"g:\GIS\地块管理系统\Build\Documentation\GroundPolylineGeometry.html", "HTML", 0, 0, 0, 372, 0, 0, 0, 0, 0, 0, 3, 771, 1146
"g:\GIS\地块管理系统\Build\Documentation\GroundPolylinePrimitive.html", "HTML", 0, 0, 0, 677, 0, 0, 0, 0, 0, 0, 3, 1473, 2153
"g:\GIS\地块管理系统\Build\Documentation\GroundPrimitive.html", "HTML", 0, 0, 0, 802, 0, 0, 0, 0, 0, 0, 3, 1718, 2523
"g:\GIS\地块管理系统\Build\Documentation\HeadingPitchRange.html", "HTML", 0, 0, 0, 221, 0, 0, 0, 0, 0, 0, 3, 468, 692
"g:\GIS\地块管理系统\Build\Documentation\HeadingPitchRoll.html", "HTML", 0, 0, 0, 615, 0, 0, 0, 0, 0, 0, 3, 1494, 2112
"g:\GIS\地块管理系统\Build\Documentation\HeightmapTerrainData.html", "HTML", 0, 0, 0, 626, 0, 0, 0, 0, 0, 0, 3, 1177, 1806
"g:\GIS\地块管理系统\Build\Documentation\HermitePolynomialApproximation.html", "HTML", 0, 0, 0, 295, 0, 0, 0, 0, 0, 0, 3, 637, 935
"g:\GIS\地块管理系统\Build\Documentation\HermiteSpline.html", "HTML", 0, 0, 0, 781, 0, 0, 0, 0, 0, 0, 3, 1378, 2162
"g:\GIS\地块管理系统\Build\Documentation\HilbertOrder.html", "HTML", 0, 0, 0, 65, 0, 0, 0, 0, 0, 0, 3, 86, 154
"g:\GIS\地块管理系统\Build\Documentation\HomeButton.html", "HTML", 0, 0, 0, 171, 0, 0, 0, 0, 0, 0, 3, 422, 596
"g:\GIS\地块管理系统\Build\Documentation\HomeButtonViewModel.html", "HTML", 0, 0, 0, 160, 0, 0, 0, 0, 0, 0, 3, 352, 515
"g:\GIS\地块管理系统\Build\Documentation\ImageBasedLighting.html", "HTML", 0, 0, 0, 229, 0, 0, 0, 0, 0, 0, 3, 413, 645
"g:\GIS\地块管理系统\Build\Documentation\ImageMaterialProperty.html", "HTML", 0, 0, 0, 384, 0, 0, 0, 0, 0, 0, 3, 869, 1256
"g:\GIS\地块管理系统\Build\Documentation\ImageryLayer.html", "HTML", 0, 0, 0, 956, 0, 0, 0, 0, 0, 0, 3, 2158, 3117
"g:\GIS\地块管理系统\Build\Documentation\ImageryLayerCollection.html", "HTML", 0, 0, 0, 830, 0, 0, 0, 0, 0, 0, 3, 1920, 2753
"g:\GIS\地块管理系统\Build\Documentation\ImageryLayerFeatureInfo.html", "HTML", 0, 0, 0, 216, 0, 0, 0, 0, 0, 0, 3, 535, 754
"g:\GIS\地块管理系统\Build\Documentation\ImageryProvider.html", "HTML", 0, 0, 0, 736, 0, 0, 0, 0, 0, 0, 3, 1783, 2522
"g:\GIS\地块管理系统\Build\Documentation\InfoBox.html", "HTML", 0, 0, 0, 177, 0, 0, 0, 0, 0, 0, 3, 427, 607
"g:\GIS\地块管理系统\Build\Documentation\InfoBoxViewModel.html", "HTML", 0, 0, 0, 235, 0, 0, 0, 0, 0, 0, 3, 630, 868
"g:\GIS\地块管理系统\Build\Documentation\IntersectionTests.html", "HTML", 0, 0, 0, 749, 0, 0, 0, 0, 0, 0, 3, 1742, 2494
"g:\GIS\地块管理系统\Build\Documentation\Intersections2D.html", "HTML", 0, 0, 0, 370, 0, 0, 0, 0, 0, 0, 3, 830, 1203
"g:\GIS\地块管理系统\Build\Documentation\Interval.html", "HTML", 0, 0, 0, 142, 0, 0, 0, 0, 0, 0, 3, 270, 415
"g:\GIS\地块管理系统\Build\Documentation\Ion.html", "HTML", 0, 0, 0, 107, 0, 0, 0, 0, 0, 0, 3, 188, 298
"g:\GIS\地块管理系统\Build\Documentation\IonGeocoderService.html", "HTML", 0, 0, 0, 192, 0, 0, 0, 0, 0, 0, 3, 353, 548
"g:\GIS\地块管理系统\Build\Documentation\IonImageryProvider.html", "HTML", 0, 0, 0, 753, 0, 0, 0, 0, 0, 0, 3, 1820, 2576
"g:\GIS\地块管理系统\Build\Documentation\IonResource.html", "HTML", 0, 0, 0, 2021, 0, 0, 0, 0, 0, 0, 3, 4254, 6278
"g:\GIS\地块管理系统\Build\Documentation\Iso8601.html", "HTML", 0, 0, 0, 117, 0, 0, 0, 0, 0, 0, 3, 230, 350
"g:\GIS\地块管理系统\Build\Documentation\JulianDate.html", "HTML", 0, 0, 0, 1418, 0, 0, 0, 0, 0, 0, 3, 3491, 4912
"g:\GIS\地块管理系统\Build\Documentation\KmlCamera.html", "HTML", 0, 0, 0, 100, 0, 0, 0, 0, 0, 0, 3, 154, 257
"g:\GIS\地块管理系统\Build\Documentation\KmlDataSource.html", "HTML", 0, 0, 0, 695, 0, 0, 0, 0, 0, 0, 3, 1657, 2355
"g:\GIS\地块管理系统\Build\Documentation\KmlFeatureData.html", "HTML", 0, 0, 0, 270, 0, 0, 0, 0, 0, 0, 3, 661, 934
"g:\GIS\地块管理系统\Build\Documentation\KmlLookAt.html", "HTML", 0, 0, 0, 97, 0, 0, 0, 0, 0, 0, 3, 153, 253
"g:\GIS\地块管理系统\Build\Documentation\KmlTour.html", "HTML", 0, 0, 0, 332, 0, 0, 0, 0, 0, 0, 3, 829, 1164
"g:\GIS\地块管理系统\Build\Documentation\KmlTourFlyTo.html", "HTML", 0, 0, 0, 254, 0, 0, 0, 0, 0, 0, 3, 575, 832
"g:\GIS\地块管理系统\Build\Documentation\KmlTourWait.html", "HTML", 0, 0, 0, 180, 0, 0, 0, 0, 0, 0, 3, 400, 583
"g:\GIS\地块管理系统\Build\Documentation\Label.html", "HTML", 0, 0, 0, 747, 0, 0, 0, 0, 0, 0, 3, 1630, 2380
"g:\GIS\地块管理系统\Build\Documentation\LabelCollection.html", "HTML", 0, 0, 0, 663, 0, 0, 0, 0, 0, 0, 3, 1187, 1853
"g:\GIS\地块管理系统\Build\Documentation\LabelGraphics.html", "HTML", 0, 0, 0, 894, 0, 0, 0, 0, 0, 0, 3, 1955, 2852
"g:\GIS\地块管理系统\Build\Documentation\LabelVisualizer.html", "HTML", 0, 0, 0, 172, 0, 0, 0, 0, 0, 0, 3, 394, 569
"g:\GIS\地块管理系统\Build\Documentation\LagrangePolynomialApproximation.html", "HTML", 0, 0, 0, 176, 0, 0, 0, 0, 0, 0, 3, 371, 550
"g:\GIS\地块管理系统\Build\Documentation\LeapSecond.html", "HTML", 0, 0, 0, 133, 0, 0, 0, 0, 0, 0, 3, 261, 397
"g:\GIS\地块管理系统\Build\Documentation\Light.html", "HTML", 0, 0, 0, 107, 0, 0, 0, 0, 0, 0, 3, 210, 320
"g:\GIS\地块管理系统\Build\Documentation\LinearApproximation.html", "HTML", 0, 0, 0, 178, 0, 0, 0, 0, 0, 0, 3, 371, 552
"g:\GIS\地块管理系统\Build\Documentation\LinearSpline.html", "HTML", 0, 0, 0, 370, 0, 0, 0, 0, 0, 0, 3, 726, 1099
"g:\GIS\地块管理系统\Build\Documentation\MapProjection.html", "HTML", 0, 0, 0, 194, 0, 0, 0, 0, 0, 0, 3, 415, 612
"g:\GIS\地块管理系统\Build\Documentation\MapboxImageryProvider.html", "HTML", 0, 0, 0, 849, 0, 0, 0, 0, 0, 0, 3, 2006, 2858
"g:\GIS\地块管理系统\Build\Documentation\MapboxStyleImageryProvider.html", "HTML", 0, 0, 0, 876, 0, 0, 0, 0, 0, 0, 3, 2054, 2933
"g:\GIS\地块管理系统\Build\Documentation\Material.html", "HTML", 0, 0, 0, 1009, 0, 0, 0, 0, 0, 0, 3, 2113, 3125
"g:\GIS\地块管理系统\Build\Documentation\MaterialAppearance.MaterialSupport.html", "HTML", 0, 0, 0, 116, 0, 0, 0, 0, 0, 0, 3, 227, 346
"g:\GIS\地块管理系统\Build\Documentation\MaterialAppearance.html", "HTML", 0, 0, 0, 519, 0, 0, 0, 0, 0, 0, 3, 1179, 1701
"g:\GIS\地块管理系统\Build\Documentation\MaterialProperty.html", "HTML", 0, 0, 0, 239, 0, 0, 0, 0, 0, 0, 3, 544, 786
"g:\GIS\地块管理系统\Build\Documentation\Math.html", "HTML", 0, 0, 0, 2347, 0, 0, 0, 0, 0, 0, 3, 6016, 8366
"g:\GIS\地块管理系统\Build\Documentation\Matrix2.html", "HTML", 0, 0, 0, 2342, 0, 0, 0, 0, 0, 0, 3, 5549, 7894
"g:\GIS\地块管理系统\Build\Documentation\Matrix3.html", "HTML", 0, 0, 0, 2915, 0, 0, 0, 0, 0, 0, 3, 6977, 9895
"g:\GIS\地块管理系统\Build\Documentation\Matrix4.html", "HTML", 0, 0, 0, 4161, 0, 0, 0, 0, 0, 0, 3, 9560, 13724
"g:\GIS\地块管理系统\Build\Documentation\Model.html", "HTML", 0, 0, 0, 1992, 0, 0, 0, 0, 0, 0, 3, 4245, 6240
"g:\GIS\地块管理系统\Build\Documentation\ModelAnimation.html", "HTML", 0, 0, 0, 366, 0, 0, 0, 0, 0, 0, 3, 809, 1178
"g:\GIS\地块管理系统\Build\Documentation\ModelAnimationCollection.html", "HTML", 0, 0, 0, 704, 0, 0, 0, 0, 0, 0, 3, 1373, 2080
"g:\GIS\地块管理系统\Build\Documentation\ModelExperimental.html", "HTML", 0, 0, 0, 1430, 0, 0, 0, 0, 0, 0, 3, 3133, 4566
"g:\GIS\地块管理系统\Build\Documentation\ModelExperimentalAnimation.html", "HTML", 0, 0, 0, 366, 0, 0, 0, 0, 0, 0, 3, 809, 1178
"g:\GIS\地块管理系统\Build\Documentation\ModelExperimentalAnimationCollection.html", "HTML", 0, 0, 0, 718, 0, 0, 0, 0, 0, 0, 3, 1419, 2140
"g:\GIS\地块管理系统\Build\Documentation\ModelFeature.html", "HTML", 0, 0, 0, 433, 0, 0, 0, 0, 0, 0, 3, 860, 1296
"g:\GIS\地块管理系统\Build\Documentation\ModelGraphics.html", "HTML", 0, 0, 0, 861, 0, 0, 0, 0, 0, 0, 3, 1959, 2823
"g:\GIS\地块管理系统\Build\Documentation\ModelMaterial.html", "HTML", 0, 0, 0, 208, 0, 0, 0, 0, 0, 0, 3, 437, 648
"g:\GIS\地块管理系统\Build\Documentation\ModelMesh.html", "HTML", 0, 0, 0, 124, 0, 0, 0, 0, 0, 0, 3, 255, 382
"g:\GIS\地块管理系统\Build\Documentation\ModelNode.html", "HTML", 0, 0, 0, 165, 0, 0, 0, 0, 0, 0, 3, 351, 519
"g:\GIS\地块管理系统\Build\Documentation\ModelVisualizer.html", "HTML", 0, 0, 0, 171, 0, 0, 0, 0, 0, 0, 3, 394, 568
"g:\GIS\地块管理系统\Build\Documentation\Moon.html", "HTML", 0, 0, 0, 285, 0, 0, 0, 0, 0, 0, 3, 599, 887
"g:\GIS\地块管理系统\Build\Documentation\MorphWeightSpline.html", "HTML", 0, 0, 0, 337, 0, 0, 0, 0, 0, 0, 3, 630, 970
"g:\GIS\地块管理系统\Build\Documentation\NavigationHelpButton.html", "HTML", 0, 0, 0, 205, 0, 0, 0, 0, 0, 0, 3, 442, 650
"g:\GIS\地块管理系统\Build\Documentation\NavigationHelpButtonViewModel.html", "HTML", 0, 0, 0, 146, 0, 0, 0, 0, 0, 0, 3, 347, 496
"g:\GIS\地块管理系统\Build\Documentation\NearFarScalar.html", "HTML", 0, 0, 0, 513, 0, 0, 0, 0, 0, 0, 3, 1224, 1740
"g:\GIS\地块管理系统\Build\Documentation\NeverTileDiscardPolicy.html", "HTML", 0, 0, 0, 133, 0, 0, 0, 0, 0, 0, 3, 287, 423
"g:\GIS\地块管理系统\Build\Documentation\NodeTransformationProperty.html", "HTML", 0, 0, 0, 314, 0, 0, 0, 0, 0, 0, 3, 698, 1015
"g:\GIS\地块管理系统\Build\Documentation\Occluder.html", "HTML", 0, 0, 0, 484, 0, 0, 0, 0, 0, 0, 3, 1022, 1509
"g:\GIS\地块管理系统\Build\Documentation\OpenCageGeocoderService.html", "HTML", 0, 0, 0, 306, 0, 0, 0, 0, 0, 0, 3, 666, 975
"g:\GIS\地块管理系统\Build\Documentation\OpenStreetMapImageryProvider.html", "HTML", 0, 0, 0, 1098, 0, 0, 0, 0, 0, 0, 3, 2247, 3348
"g:\GIS\地块管理系统\Build\Documentation\OrientedBoundingBox.html", "HTML", 0, 0, 0, 1221, 0, 0, 0, 0, 0, 0, 3, 2929, 4153
"g:\GIS\地块管理系统\Build\Documentation\OrthographicFrustum.html", "HTML", 0, 0, 0, 671, 0, 0, 0, 0, 0, 0, 3, 1512, 2186
"g:\GIS\地块管理系统\Build\Documentation\OrthographicOffCenterFrustum.html", "HTML", 0, 0, 0, 590, 0, 0, 0, 0, 0, 0, 3, 1301, 1894
"g:\GIS\地块管理系统\Build\Documentation\PackableForInterpolation.html", "HTML", 0, 0, 0, 243, 0, 0, 0, 0, 0, 0, 3, 510, 756
"g:\GIS\地块管理系统\Build\Documentation\Particle.html", "HTML", 0, 0, 0, 413, 0, 0, 0, 0, 0, 0, 3, 954, 1370
"g:\GIS\地块管理系统\Build\Documentation\ParticleBurst.html", "HTML", 0, 0, 0, 205, 0, 0, 0, 0, 0, 0, 3, 418, 626
"g:\GIS\地块管理系统\Build\Documentation\ParticleEmitter.html", "HTML", 0, 0, 0, 85, 0, 0, 0, 0, 0, 0, 3, 117, 205
"g:\GIS\地块管理系统\Build\Documentation\ParticleSystem.html", "HTML", 0, 0, 0, 949, 0, 0, 0, 0, 0, 0, 3, 2278, 3230
"g:\GIS\地块管理系统\Build\Documentation\PathGraphics.html", "HTML", 0, 0, 0, 418, 0, 0, 0, 0, 0, 0, 3, 959, 1380
"g:\GIS\地块管理系统\Build\Documentation\PathVisualizer.html", "HTML", 0, 0, 0, 171, 0, 0, 0, 0, 0, 0, 3, 394, 568
"g:\GIS\地块管理系统\Build\Documentation\PeliasGeocoderService.html", "HTML", 0, 0, 0, 166, 0, 0, 0, 0, 0, 0, 3, 323, 492
"g:\GIS\地块管理系统\Build\Documentation\PerInstanceColorAppearance.html", "HTML", 0, 0, 0, 472, 0, 0, 0, 0, 0, 0, 3, 1060, 1535
"g:\GIS\地块管理系统\Build\Documentation\PerformanceWatchdog.html", "HTML", 0, 0, 0, 202, 0, 0, 0, 0, 0, 0, 3, 461, 666
"g:\GIS\地块管理系统\Build\Documentation\PerformanceWatchdogViewModel.html", "HTML", 0, 0, 0, 203, 0, 0, 0, 0, 0, 0, 3, 435, 641
"g:\GIS\地块管理系统\Build\Documentation\PerspectiveFrustum.html", "HTML", 0, 0, 0, 782, 0, 0, 0, 0, 0, 0, 3, 1750, 2535
"g:\GIS\地块管理系统\Build\Documentation\PerspectiveOffCenterFrustum.html", "HTML", 0, 0, 0, 625, 0, 0, 0, 0, 0, 0, 3, 1350, 1978
"g:\GIS\地块管理系统\Build\Documentation\PinBuilder.html", "HTML", 0, 0, 0, 290, 0, 0, 0, 0, 0, 0, 3, 615, 908
"g:\GIS\地块管理系统\Build\Documentation\Plane.html", "HTML", 0, 0, 0, 569, 0, 0, 0, 0, 0, 0, 3, 1317, 1889
"g:\GIS\地块管理系统\Build\Documentation\PlaneGeometry.html", "HTML", 0, 0, 0, 300, 0, 0, 0, 0, 0, 0, 3, 638, 941
"g:\GIS\地块管理系统\Build\Documentation\PlaneGeometryUpdater.html", "HTML", 0, 0, 0, 194, 0, 0, 0, 0, 0, 0, 3, 363, 560
"g:\GIS\地块管理系统\Build\Documentation\PlaneGraphics.html", "HTML", 0, 0, 0, 519, 0, 0, 0, 0, 0, 0, 3, 1176, 1698
"g:\GIS\地块管理系统\Build\Documentation\PlaneOutlineGeometry.html", "HTML", 0, 0, 0, 215, 0, 0, 0, 0, 0, 0, 3, 503, 721
"g:\GIS\地块管理系统\Build\Documentation\PointCloudShading.html", "HTML", 0, 0, 0, 397, 0, 0, 0, 0, 0, 0, 3, 895, 1295
"g:\GIS\地块管理系统\Build\Documentation\PointGraphics.html", "HTML", 0, 0, 0, 514, 0, 0, 0, 0, 0, 0, 3, 1173, 1690
"g:\GIS\地块管理系统\Build\Documentation\PointPrimitive.html", "HTML", 0, 0, 0, 409, 0, 0, 0, 0, 0, 0, 3, 888, 1300
"g:\GIS\地块管理系统\Build\Documentation\PointPrimitiveCollection.html", "HTML", 0, 0, 0, 630, 0, 0, 0, 0, 0, 0, 3, 1169, 1802
"g:\GIS\地块管理系统\Build\Documentation\PointVisualizer.html", "HTML", 0, 0, 0, 171, 0, 0, 0, 0, 0, 0, 3, 394, 568
"g:\GIS\地块管理系统\Build\Documentation\PolygonGeometry.html", "HTML", 0, 0, 0, 800, 0, 0, 0, 0, 0, 0, 3, 1517, 2320
"g:\GIS\地块管理系统\Build\Documentation\PolygonGeometryUpdater.html", "HTML", 0, 0, 0, 194, 0, 0, 0, 0, 0, 0, 3, 363, 560
"g:\GIS\地块管理系统\Build\Documentation\PolygonGraphics.html", "HTML", 0, 0, 0, 892, 0, 0, 0, 0, 0, 0, 3, 2036, 2931
"g:\GIS\地块管理系统\Build\Documentation\PolygonHierarchy.html", "HTML", 0, 0, 0, 132, 0, 0, 0, 0, 0, 0, 3, 261, 396
"g:\GIS\地块管理系统\Build\Documentation\PolygonOutlineGeometry.html", "HTML", 0, 0, 0, 589, 0, 0, 0, 0, 0, 0, 3, 1078, 1670
"g:\GIS\地块管理系统\Build\Documentation\Polyline.html", "HTML", 0, 0, 0, 307, 0, 0, 0, 0, 0, 0, 3, 660, 970
"g:\GIS\地块管理系统\Build\Documentation\PolylineArrowMaterialProperty.html", "HTML", 0, 0, 0, 270, 0, 0, 0, 0, 0, 0, 3, 621, 894
"g:\GIS\地块管理系统\Build\Documentation\PolylineCollection.html", "HTML", 0, 0, 0, 612, 0, 0, 0, 0, 0, 0, 3, 1164, 1779
"g:\GIS\地块管理系统\Build\Documentation\PolylineColorAppearance.html", "HTML", 0, 0, 0, 363, 0, 0, 0, 0, 0, 0, 3, 846, 1212
"g:\GIS\地块管理系统\Build\Documentation\PolylineDashMaterialProperty.html", "HTML", 0, 0, 0, 373, 0, 0, 0, 0, 0, 0, 3, 864, 1240
"g:\GIS\地块管理系统\Build\Documentation\PolylineGeometry.html", "HTML", 0, 0, 0, 418, 0, 0, 0, 0, 0, 0, 3, 814, 1235
"g:\GIS\地块管理系统\Build\Documentation\PolylineGeometryUpdater.html", "HTML", 0, 0, 0, 568, 0, 0, 0, 0, 0, 0, 3, 1534, 2105
"g:\GIS\地块管理系统\Build\Documentation\PolylineGlowMaterialProperty.html", "HTML", 0, 0, 0, 345, 0, 0, 0, 0, 0, 0, 3, 793, 1141
"g:\GIS\地块管理系统\Build\Documentation\PolylineGraphics.html", "HTML", 0, 0, 0, 592, 0, 0, 0, 0, 0, 0, 3, 1322, 1917
"g:\GIS\地块管理系统\Build\Documentation\PolylineMaterialAppearance.html", "HTML", 0, 0, 0, 378, 0, 0, 0, 0, 0, 0, 3, 872, 1253
"g:\GIS\地块管理系统\Build\Documentation\PolylineOutlineMaterialProperty.html", "HTML", 0, 0, 0, 351, 0, 0, 0, 0, 0, 0, 3, 796, 1150
"g:\GIS\地块管理系统\Build\Documentation\PolylineVisualizer.html", "HTML", 0, 0, 0, 201, 0, 0, 0, 0, 0, 0, 3, 457, 661
"g:\GIS\地块管理系统\Build\Documentation\PolylineVolumeGeometry.html", "HTML", 0, 0, 0, 376, 0, 0, 0, 0, 0, 0, 3, 751, 1130
"g:\GIS\地块管理系统\Build\Documentation\PolylineVolumeGeometryUpdater.html", "HTML", 0, 0, 0, 194, 0, 0, 0, 0, 0, 0, 3, 363, 560
"g:\GIS\地块管理系统\Build\Documentation\PolylineVolumeGraphics.html", "HTML", 0, 0, 0, 586, 0, 0, 0, 0, 0, 0, 3, 1321, 1910
"g:\GIS\地块管理系统\Build\Documentation\PolylineVolumeOutlineGeometry.html", "HTML", 0, 0, 0, 359, 0, 0, 0, 0, 0, 0, 3, 726, 1088
"g:\GIS\地块管理系统\Build\Documentation\PositionProperty.html", "HTML", 0, 0, 0, 268, 0, 0, 0, 0, 0, 0, 3, 633, 904
"g:\GIS\地块管理系统\Build\Documentation\PositionPropertyArray.html", "HTML", 0, 0, 0, 330, 0, 0, 0, 0, 0, 0, 3, 782, 1115
"g:\GIS\地块管理系统\Build\Documentation\PostProcessStage.html", "HTML", 0, 0, 0, 565, 0, 0, 0, 0, 0, 0, 3, 1156, 1724
"g:\GIS\地块管理系统\Build\Documentation\PostProcessStageCollection.html", "HTML", 0, 0, 0, 443, 0, 0, 0, 0, 0, 0, 3, 969, 1415
"g:\GIS\地块管理系统\Build\Documentation\PostProcessStageComposite.html", "HTML", 0, 0, 0, 425, 0, 0, 0, 0, 0, 0, 3, 836, 1264
"g:\GIS\地块管理系统\Build\Documentation\PostProcessStageLibrary.html", "HTML", 0, 0, 0, 485, 0, 0, 0, 0, 0, 0, 3, 1102, 1590
"g:\GIS\地块管理系统\Build\Documentation\Primitive.html", "HTML", 0, 0, 0, 809, 0, 0, 0, 0, 0, 0, 3, 1603, 2415
"g:\GIS\地块管理系统\Build\Documentation\PrimitiveCollection.html", "HTML", 0, 0, 0, 736, 0, 0, 0, 0, 0, 0, 3, 1491, 2230
"g:\GIS\地块管理系统\Build\Documentation\ProjectionPicker.html", "HTML", 0, 0, 0, 176, 0, 0, 0, 0, 0, 0, 3, 400, 579
"g:\GIS\地块管理系统\Build\Documentation\ProjectionPickerViewModel.html", "HTML", 0, 0, 0, 269, 0, 0, 0, 0, 0, 0, 3, 746, 1018
"g:\GIS\地块管理系统\Build\Documentation\Property.html", "HTML", 0, 0, 0, 202, 0, 0, 0, 0, 0, 0, 3, 446, 651
"g:\GIS\地块管理系统\Build\Documentation\PropertyArray.html", "HTML", 0, 0, 0, 245, 0, 0, 0, 0, 0, 0, 3, 564, 812
"g:\GIS\地块管理系统\Build\Documentation\PropertyBag.html", "HTML", 0, 0, 0, 417, 0, 0, 0, 0, 0, 0, 3, 998, 1418
"g:\GIS\地块管理系统\Build\Documentation\ProviderViewModel.html", "HTML", 0, 0, 0, 246, 0, 0, 0, 0, 0, 0, 3, 562, 811
"g:\GIS\地块管理系统\Build\Documentation\Proxy.html", "HTML", 0, 0, 0, 115, 0, 0, 0, 0, 0, 0, 3, 215, 333
"g:\GIS\地块管理系统\Build\Documentation\QuadraticRealPolynomial.html", "HTML", 0, 0, 0, 172, 0, 0, 0, 0, 0, 0, 3, 345, 520
"g:\GIS\地块管理系统\Build\Documentation\QuantizedMeshTerrainData.html", "HTML", 0, 0, 0, 623, 0, 0, 0, 0, 0, 0, 3, 1234, 1860
"g:\GIS\地块管理系统\Build\Documentation\QuarticRealPolynomial.html", "HTML", 0, 0, 0, 204, 0, 0, 0, 0, 0, 0, 3, 405, 612
"g:\GIS\地块管理系统\Build\Documentation\Quaternion.html", "HTML", 0, 0, 0, 2167, 0, 0, 0, 0, 0, 0, 3, 5248, 7418
"g:\GIS\地块管理系统\Build\Documentation\QuaternionSpline.html", "HTML", 0, 0, 0, 362, 0, 0, 0, 0, 0, 0, 3, 726, 1091
"g:\GIS\地块管理系统\Build\Documentation\Queue.html", "HTML", 0, 0, 0, 290, 0, 0, 0, 0, 0, 0, 3, 774, 1067
"g:\GIS\地块管理系统\Build\Documentation\Ray.html", "HTML", 0, 0, 0, 246, 0, 0, 0, 0, 0, 0, 3, 543, 792
"g:\GIS\地块管理系统\Build\Documentation\Rectangle.html", "HTML", 0, 0, 0, 1754, 0, 0, 0, 0, 0, 0, 3, 4335, 6092
"g:\GIS\地块管理系统\Build\Documentation\RectangleGeometry.html", "HTML", 0, 0, 0, 547, 0, 0, 0, 0, 0, 0, 3, 1059, 1609
"g:\GIS\地块管理系统\Build\Documentation\RectangleGeometryUpdater.html", "HTML", 0, 0, 0, 194, 0, 0, 0, 0, 0, 0, 3, 363, 560
"g:\GIS\地块管理系统\Build\Documentation\RectangleGraphics.html", "HTML", 0, 0, 0, 774, 0, 0, 0, 0, 0, 0, 3, 1753, 2530
"g:\GIS\地块管理系统\Build\Documentation\RectangleOutlineGeometry.html", "HTML", 0, 0, 0, 405, 0, 0, 0, 0, 0, 0, 3, 780, 1188
"g:\GIS\地块管理系统\Build\Documentation\ReferenceProperty.html", "HTML", 0, 0, 0, 472, 0, 0, 0, 0, 0, 0, 3, 1093, 1568
"g:\GIS\地块管理系统\Build\Documentation\Request.html", "HTML", 0, 0, 0, 429, 0, 0, 0, 0, 0, 0, 3, 1087, 1519
"g:\GIS\地块管理系统\Build\Documentation\RequestErrorEvent.html", "HTML", 0, 0, 0, 179, 0, 0, 0, 0, 0, 0, 3, 404, 586
"g:\GIS\地块管理系统\Build\Documentation\RequestScheduler.html", "HTML", 0, 0, 0, 137, 0, 0, 0, 0, 0, 0, 3, 279, 419
"g:\GIS\地块管理系统\Build\Documentation\Resource.html", "HTML", 0, 0, 0, 4203, 0, 0, 0, 0, 0, 0, 3, 9091, 13297
"g:\GIS\地块管理系统\Build\Documentation\RuntimeError.html", "HTML", 0, 0, 0, 150, 0, 0, 0, 0, 0, 0, 3, 294, 447
"g:\GIS\地块管理系统\Build\Documentation\SampledPositionProperty.html", "HTML", 0, 0, 0, 699, 0, 0, 0, 0, 0, 0, 3, 1763, 2465
"g:\GIS\地块管理系统\Build\Documentation\SampledProperty.html", "HTML", 0, 0, 0, 670, 0, 0, 0, 0, 0, 0, 3, 1625, 2298
"g:\GIS\地块管理系统\Build\Documentation\Scene.html", "HTML", 0, 0, 0, 2594, 0, 0, 0, 0, 0, 0, 3, 6093, 8690
"g:\GIS\地块管理系统\Build\Documentation\SceneModePicker.html", "HTML", 0, 0, 0, 197, 0, 0, 0, 0, 0, 0, 3, 439, 639
"g:\GIS\地块管理系统\Build\Documentation\SceneModePickerViewModel.html", "HTML", 0, 0, 0, 315, 0, 0, 0, 0, 0, 0, 3, 871, 1189
"g:\GIS\地块管理系统\Build\Documentation\SceneTransforms.html", "HTML", 0, 0, 0, 194, 0, 0, 0, 0, 0, 0, 3, 383, 580
"g:\GIS\地块管理系统\Build\Documentation\ScreenSpaceCameraController.html", "HTML", 0, 0, 0, 554, 0, 0, 0, 0, 0, 0, 3, 1329, 1886
"g:\GIS\地块管理系统\Build\Documentation\ScreenSpaceEventHandler.html", "HTML", 0, 0, 0, 674, 0, 0, 0, 0, 0, 0, 3, 1645, 2322
"g:\GIS\地块管理系统\Build\Documentation\SelectionIndicator.html", "HTML", 0, 0, 0, 171, 0, 0, 0, 0, 0, 0, 3, 396, 570
"g:\GIS\地块管理系统\Build\Documentation\SelectionIndicatorViewModel.html", "HTML", 0, 0, 0, 304, 0, 0, 0, 0, 0, 0, 3, 818, 1125
"g:\GIS\地块管理系统\Build\Documentation\ShadowMap.html", "HTML", 0, 0, 0, 377, 0, 0, 0, 0, 0, 0, 3, 775, 1155
"g:\GIS\地块管理系统\Build\Documentation\ShowGeometryInstanceAttribute.html", "HTML", 0, 0, 0, 234, 0, 0, 0, 0, 0, 0, 3, 475, 712
"g:\GIS\地块管理系统\Build\Documentation\Simon1994PlanetaryPositions.html", "HTML", 0, 0, 0, 161, 0, 0, 0, 0, 0, 0, 3, 339, 503
"g:\GIS\地块管理系统\Build\Documentation\SimplePolylineGeometry.html", "HTML", 0, 0, 0, 382, 0, 0, 0, 0, 0, 0, 3, 760, 1145
"g:\GIS\地块管理系统\Build\Documentation\SingleTileImageryProvider.html", "HTML", 0, 0, 0, 769, 0, 0, 0, 0, 0, 0, 3, 1888, 2660
"g:\GIS\地块管理系统\Build\Documentation\SkyAtmosphere.html", "HTML", 0, 0, 0, 365, 0, 0, 0, 0, 0, 0, 3, 871, 1239
"g:\GIS\地块管理系统\Build\Documentation\SkyBox.html", "HTML", 0, 0, 0, 278, 0, 0, 0, 0, 0, 0, 3, 528, 809
"g:\GIS\地块管理系统\Build\Documentation\SphereEmitter.html", "HTML", 0, 0, 0, 115, 0, 0, 0, 0, 0, 0, 3, 199, 317
"g:\GIS\地块管理系统\Build\Documentation\SphereGeometry.html", "HTML", 0, 0, 0, 357, 0, 0, 0, 0, 0, 0, 3, 721, 1081
"g:\GIS\地块管理系统\Build\Documentation\SphereOutlineGeometry.html", "HTML", 0, 0, 0, 360, 0, 0, 0, 0, 0, 0, 3, 725, 1088
"g:\GIS\地块管理系统\Build\Documentation\Spherical.html", "HTML", 0, 0, 0, 554, 0, 0, 0, 0, 0, 0, 3, 1368, 1925
"g:\GIS\地块管理系统\Build\Documentation\Spline.html", "HTML", 0, 0, 0, 308, 0, 0, 0, 0, 0, 0, 3, 663, 974
"g:\GIS\地块管理系统\Build\Documentation\SteppedSpline.html", "HTML", 0, 0, 0, 381, 0, 0, 0, 0, 0, 0, 3, 743, 1127
"g:\GIS\地块管理系统\Build\Documentation\StripeMaterialProperty.html", "HTML", 0, 0, 0, 414, 0, 0, 0, 0, 0, 0, 3, 940, 1357
"g:\GIS\地块管理系统\Build\Documentation\StyleExpression.html", "HTML", 0, 0, 0, 188, 0, 0, 0, 0, 0, 0, 3, 366, 557
"g:\GIS\地块管理系统\Build\Documentation\Sun.html", "HTML", 0, 0, 0, 176, 0, 0, 0, 0, 0, 0, 3, 367, 546
"g:\GIS\地块管理系统\Build\Documentation\SunLight.html", "HTML", 0, 0, 0, 163, 0, 0, 0, 0, 0, 0, 3, 301, 467
"g:\GIS\地块管理系统\Build\Documentation\SvgPathBindingHandler.html", "HTML", 0, 0, 0, 94, 0, 0, 0, 0, 0, 0, 3, 162, 259
"g:\GIS\地块管理系统\Build\Documentation\TaskProcessor.html", "HTML", 0, 0, 0, 297, 0, 0, 0, 0, 0, 0, 3, 619, 919
"g:\GIS\地块管理系统\Build\Documentation\TerrainData.html", "HTML", 0, 0, 0, 339, 0, 0, 0, 0, 0, 0, 3, 745, 1087
"g:\GIS\地块管理系统\Build\Documentation\TerrainProvider.html", "HTML", 0, 0, 0, 573, 0, 0, 0, 0, 0, 0, 3, 1393, 1969
"g:\GIS\地块管理系统\Build\Documentation\TextureUniform.html", "HTML", 0, 0, 0, 228, 0, 0, 0, 0, 0, 0, 3, 390, 621
"g:\GIS\地块管理系统\Build\Documentation\TileAvailability.html", "HTML", 0, 0, 0, 371, 0, 0, 0, 0, 0, 0, 3, 767, 1141
"g:\GIS\地块管理系统\Build\Documentation\TileCoordinatesImageryProvider.html", "HTML", 0, 0, 0, 751, 0, 0, 0, 0, 0, 0, 3, 1860, 2614
"g:\GIS\地块管理系统\Build\Documentation\TileDiscardPolicy.html", "HTML", 0, 0, 0, 135, 0, 0, 0, 0, 0, 0, 3, 288, 426
"g:\GIS\地块管理系统\Build\Documentation\TileMapServiceImageryProvider.html", "HTML", 0, 0, 0, 1155, 0, 0, 0, 0, 0, 0, 3, 2337, 3495
"g:\GIS\地块管理系统\Build\Documentation\TileProviderError.html", "HTML", 0, 0, 0, 454, 0, 0, 0, 0, 0, 0, 3, 1090, 1547
"g:\GIS\地块管理系统\Build\Documentation\TilingScheme.html", "HTML", 0, 0, 0, 435, 0, 0, 0, 0, 0, 0, 3, 1051, 1489
"g:\GIS\地块管理系统\Build\Documentation\TimeDynamicImagery.html", "HTML", 0, 0, 0, 302, 0, 0, 0, 0, 0, 0, 3, 676, 981
"g:\GIS\地块管理系统\Build\Documentation\TimeDynamicPointCloud.html", "HTML", 0, 0, 0, 530, 0, 0, 0, 0, 0, 0, 3, 1151, 1684
"g:\GIS\地块管理系统\Build\Documentation\TimeInterval.html", "HTML", 0, 0, 0, 1011, 0, 0, 0, 0, 0, 0, 3, 2380, 3394
"g:\GIS\地块管理系统\Build\Documentation\TimeIntervalCollection.html", "HTML", 0, 0, 0, 1201, 0, 0, 0, 0, 0, 0, 3, 2865, 4069
"g:\GIS\地块管理系统\Build\Documentation\TimeIntervalCollectionPositionProperty.html", "HTML", 0, 0, 0, 299, 0, 0, 0, 0, 0, 0, 3, 712, 1014
"g:\GIS\地块管理系统\Build\Documentation\TimeIntervalCollectionProperty.html", "HTML", 0, 0, 0, 234, 0, 0, 0, 0, 0, 0, 3, 488, 725
"g:\GIS\地块管理系统\Build\Documentation\Timeline.html", "HTML", 0, 0, 0, 201, 0, 0, 0, 0, 0, 0, 3, 519, 723
"g:\GIS\地块管理系统\Build\Documentation\ToggleButtonViewModel.html", "HTML", 0, 0, 0, 185, 0, 0, 0, 0, 0, 0, 3, 367, 555
"g:\GIS\地块管理系统\Build\Documentation\Transforms.html", "HTML", 0, 0, 0, 1120, 0, 0, 0, 0, 0, 0, 3, 2388, 3511
"g:\GIS\地块管理系统\Build\Documentation\TranslationRotationScale.html", "HTML", 0, 0, 0, 210, 0, 0, 0, 0, 0, 0, 3, 448, 661
"g:\GIS\地块管理系统\Build\Documentation\TridiagonalSystemSolver.html", "HTML", 0, 0, 0, 163, 0, 0, 0, 0, 0, 0, 3, 252, 418
"g:\GIS\地块管理系统\Build\Documentation\TrustedServers.html", "HTML", 0, 0, 0, 223, 0, 0, 0, 0, 0, 0, 3, 484, 710
"g:\GIS\地块管理系统\Build\Documentation\UrlTemplateImageryProvider.html", "HTML", 0, 0, 0, 1180, 0, 0, 0, 0, 0, 0, 3, 2439, 3622
"g:\GIS\地块管理系统\Build\Documentation\VRButton.html", "HTML", 0, 0, 0, 190, 0, 0, 0, 0, 0, 0, 3, 436, 629
"g:\GIS\地块管理系统\Build\Documentation\VRButtonViewModel.html", "HTML", 0, 0, 0, 216, 0, 0, 0, 0, 0, 0, 3, 547, 766
"g:\GIS\地块管理系统\Build\Documentation\VRTheWorldTerrainProvider.html", "HTML", 0, 0, 0, 487, 0, 0, 0, 0, 0, 0, 3, 1117, 1607
"g:\GIS\地块管理系统\Build\Documentation\VelocityOrientationProperty.html", "HTML", 0, 0, 0, 261, 0, 0, 0, 0, 0, 0, 3, 594, 858
"g:\GIS\地块管理系统\Build\Documentation\VelocityVectorProperty.html", "HTML", 0, 0, 0, 265, 0, 0, 0, 0, 0, 0, 3, 594, 862
"g:\GIS\地块管理系统\Build\Documentation\VertexFormat.html", "HTML", 0, 0, 0, 550, 0, 0, 0, 0, 0, 0, 3, 1252, 1805
"g:\GIS\地块管理系统\Build\Documentation\VideoSynchronizer.html", "HTML", 0, 0, 0, 263, 0, 0, 0, 0, 0, 0, 3, 587, 853
"g:\GIS\地块管理系统\Build\Documentation\Viewer.html", "HTML", 0, 0, 0, 1745, 0, 0, 0, 0, 0, 0, 3, 4105, 5853
"g:\GIS\地块管理系统\Build\Documentation\ViewportQuad.html", "HTML", 0, 0, 0, 259, 0, 0, 0, 0, 0, 0, 3, 548, 810
"g:\GIS\地块管理系统\Build\Documentation\Visualizer.html", "HTML", 0, 0, 0, 158, 0, 0, 0, 0, 0, 0, 3, 359, 520
"g:\GIS\地块管理系统\Build\Documentation\WallGeometry.html", "HTML", 0, 0, 0, 520, 0, 0, 0, 0, 0, 0, 3, 994, 1517
"g:\GIS\地块管理系统\Build\Documentation\WallGeometryUpdater.html", "HTML", 0, 0, 0, 194, 0, 0, 0, 0, 0, 0, 3, 363, 560
"g:\GIS\地块管理系统\Build\Documentation\WallGraphics.html", "HTML", 0, 0, 0, 585, 0, 0, 0, 0, 0, 0, 3, 1319, 1907
"g:\GIS\地块管理系统\Build\Documentation\WallOutlineGeometry.html", "HTML", 0, 0, 0, 492, 0, 0, 0, 0, 0, 0, 3, 945, 1440
"g:\GIS\地块管理系统\Build\Documentation\WebMapServiceImageryProvider.html", "HTML", 0, 0, 0, 1120, 0, 0, 0, 0, 0, 0, 3, 2600, 3723
"g:\GIS\地块管理系统\Build\Documentation\WebMapTileServiceImageryProvider.html", "HTML", 0, 0, 0, 1051, 0, 0, 0, 0, 0, 0, 3, 2403, 3457
"g:\GIS\地块管理系统\Build\Documentation\WebMercatorProjection.html", "HTML", 0, 0, 0, 315, 0, 0, 0, 0, 0, 0, 3, 693, 1011
"g:\GIS\地块管理系统\Build\Documentation\WebMercatorTilingScheme.html", "HTML", 0, 0, 0, 527, 0, 0, 0, 0, 0, 0, 3, 1210, 1740
"g:\GIS\地块管理系统\Build\Documentation\global.html", "HTML", 0, 0, 0, 10789, 0, 0, 0, 0, 0, 0, 3, 23969, 34761
"g:\GIS\地块管理系统\Build\Documentation\index.html", "HTML", 0, 0, 0, 32, 0, 0, 0, 0, 0, 0, 3, 38, 73
"g:\GIS\地块管理系统\Build\Documentation\javascript\cesiumDoc.js", "JavaScript", 56, 0, 0, 0, 0, 0, 0, 0, 0, 0, 0, 9, 65
"g:\GIS\地块管理系统\Build\Documentation\javascript\html5.js", "JavaScript", 112, 0, 0, 0, 0, 0, 0, 0, 0, 0, 3, 1, 116
"g:\GIS\地块管理系统\Build\Documentation\javascript\prism.js", "JavaScript", 324, 0, 0, 0, 0, 0, 0, 0, 0, 0, 1, 1, 326
"g:\GIS\地块管理系统\Build\Documentation\styles\jsdoc-default.css", "CSS", 0, 0, 0, 0, 0, 575, 0, 0, 0, 0, 3, 91, 669
"g:\GIS\地块管理系统\Build\Documentation\styles\prism.css", "CSS", 0, 0, 0, 0, 0, 101, 0, 0, 0, 0, 8, 20, 129
"g:\GIS\地块管理系统\Build\package.json", "JSON", 0, 1, 0, 0, 0, 0, 0, 0, 0, 0, 0, 0, 1
"g:\GIS\地块管理系统\Index.html", "HTML", 0, 0, 0, 1508, 0, 0, 0, 0, 0, 0, 91, 101, 1700
"g:\GIS\地块管理系统\PrimitiveCluster.js", "JavaScript", 33, 0, 0, 0, 0, 0, 0, 0, 0, 0, 10, 5, 48
"g:\GIS\地块管理系统\TableJson\园参.geojson", "JSON", 0, 1, 0, 0, 0, 0, 0, 0, 0, 0, 0, 0, 1
"g:\GIS\地块管理系统\TableJson\林下参.geojson", "JSON", 0, 1, 0, 0, 0, 0, 0, 0, 0, 0, 0, 0, 1
"g:\GIS\地块管理系统\ThirdParty\draco_decoder.wasm", "WebAssembly Text Format", 0, 0, 0, 0, 6401, 0, 0, 0, 0, 0, 0, 82, 6483
"g:\GIS\地块管理系统\cameraFly.js", "JavaScript", 35025, 0, 0, 0, 0, 0, 0, 0, 0, 0, 13, 9, 35047
"g:\GIS\地块管理系统\cesiumMeasure.js", "JavaScript", 412, 0, 0, 0, 0, 0, 0, 0, 0, 0, 121, 59, 592
"g:\GIS\地块管理系统\dataLoad.js", "JavaScript", 10, 0, 0, 0, 0, 0, 0, 0, 0, 0, 5, 3, 18
"g:\GIS\地块管理系统\doc\Cesium.Draw.html", "HTML", 0, 0, 0, 296, 0, 0, 0, 0, 0, 0, 3, 940, 1239
"g:\GIS\地块管理系统\doc\Cesium.Measure.html", "HTML", 0, 0, 0, 73, 0, 0, 0, 0, 0, 0, 3, 169, 245
"g:\GIS\地块管理系统\doc\cesium-measure.js.html", "HTML", 0, 0, 0, 541, 0, 0, 0, 0, 0, 0, 3, 69, 613
"g:\GIS\地块管理系统\doc\fonts\OpenSans-Bold-webfont.svg", "XML", 0, 0, 0, 0, 0, 0, 1830, 0, 0, 0, 0, 0, 1830
"g:\GIS\地块管理系统\doc\fonts\OpenSans-BoldItalic-webfont.svg", "XML", 0, 0, 0, 0, 0, 0, 1830, 0, 0, 0, 0, 0, 1830
"g:\GIS\地块管理系统\doc\fonts\OpenSans-Italic-webfont.svg", "XML", 0, 0, 0, 0, 0, 0, 1830, 0, 0, 0, 0, 0, 1830
"g:\GIS\地块管理系统\doc\fonts\OpenSans-Light-webfont.svg", "XML", 0, 0, 0, 0, 0, 0, 1831, 0, 0, 0, 0, 0, 1831
"g:\GIS\地块管理系统\doc\fonts\OpenSans-LightItalic-webfont.svg", "XML", 0, 0, 0, 0, 0, 0, 1835, 0, 0, 0, 0, 0, 1835
"g:\GIS\地块管理系统\doc\fonts\OpenSans-Regular-webfont.svg", "XML", 0, 0, 0, 0, 0, 0, 1831, 0, 0, 0, 0, 0, 1831
"g:\GIS\地块管理系统\doc\index.html", "HTML", 0, 0, 0, 26, 0, 0, 0, 0, 0, 0, 3, 36, 65
"g:\GIS\地块管理系统\doc\scripts\linenumber.js", "JavaScript", 22, 0, 0, 0, 0, 0, 0, 0, 0, 0, 1, 3, 26
"g:\GIS\地块管理系统\doc\scripts\prettify\lang-css.js", "JavaScript", 2, 0, 0, 0, 0, 0, 0, 0, 0, 0, 0, 1, 3
"g:\GIS\地块管理系统\doc\scripts\prettify\prettify.js", "JavaScript", 28, 0, 0, 0, 0, 0, 0, 0, 0, 0, 0, 1, 29
"g:\GIS\地块管理系统\doc\styles\jsdoc-default.css", "CSS", 0, 0, 0, 0, 0, 304, 0, 0, 0, 0, 0, 55, 359
"g:\GIS\地块管理系统\doc\styles\prettify-jsdoc.css", "CSS", 0, 0, 0, 0, 0, 78, 0, 0, 0, 0, 17, 17, 112
"g:\GIS\地块管理系统\doc\styles\prettify-tomorrow.css", "CSS", 0, 0, 0, 0, 0, 74, 0, 0, 0, 0, 33, 26, 133
"g:\GIS\地块管理系统\entityPick.js", "JavaScript", 179, 0, 0, 0, 0, 0, 0, 0, 0, 0, 11, 32, 222
"g:\GIS\地块管理系统\geojson\polygon.json", "JSON", 0, 8386, 0, 0, 0, 0, 0, 0, 0, 0, 0, 0, 8386
"g:\GIS\地块管理系统\geojson\园参大棚.geojson", "JSON", 0, 1, 0, 0, 0, 0, 0, 0, 0, 0, 0, 0, 1
"g:\GIS\地块管理系统\geojson\林下参地.geojson", "JSON", 0, 1, 0, 0, 0, 0, 0, 0, 0, 0, 0, 0, 1
"g:\GIS\地块管理系统\geojson\样本集.geojson", "JSON", 0, 1, 0, 0, 0, 0, 0, 0, 0, 0, 0, 0, 1
"g:\GIS\地块管理系统\geojson\省市县行政区划及主要城市\geojson\point\city.geojson", "JSON", 0, 338, 0, 0, 0, 0, 0, 0, 0, 0, 0, 1, 339
"g:\GIS\地块管理系统\geojson\省市县行政区划及主要城市\geojson\point\county.geojson", "JSON", 0, 2096, 0, 0, 0, 0, 0, 0, 0, 0, 0, 1, 2097
"g:\GIS\地块管理系统\geojson\省市县行政区划及主要城市\geojson\point\province.geojson", "JSON", 0, 41, 0, 0, 0, 0, 0, 0, 0, 0, 0, 1, 42
"g:\GIS\地块管理系统\geojson\省市县行政区划及主要城市\geojson\polygon\china.geojson", "JSON", 0, 1, 0, 0, 0, 0, 0, 0, 0, 0, 0, 1, 2
"g:\GIS\地块管理系统\geojson\省市县行政区划及主要城市\geojson\polygon\city.geojson", "JSON", 0, 352, 0, 0, 0, 0, 0, 0, 0, 0, 0, 1, 353
"g:\GIS\地块管理系统\geojson\省市县行政区划及主要城市\geojson\polygon\county.geojson", "JSON", 0, 3414, 0, 0, 0, 0, 0, 0, 0, 0, 0, 1, 3415
"g:\GIS\地块管理系统\geojson\省市县行政区划及主要城市\geojson\polygon\provience.geojson", "JSON", 0, 103310, 0, 0, 0, 0, 0, 0, 0, 0, 0, 0, 103310
"g:\GIS\地块管理系统\geojson\省市县行政区划及主要城市\geojson\polygon\world.geojson", "JSON", 0, 187, 0, 0, 0, 0, 0, 0, 0, 0, 0, 1, 188
"g:\GIS\地块管理系统\geojson\省市县行政区划及主要城市\shape\ploygon\china.shp", "Shapefile", 0, 0, 0, 0, 0, 0, 0, 0, 0, 637, 0, 5, 642
"g:\GIS\地块管理系统\geojson\省市县行政区划及主要城市\shape\ploygon\city.shp", "Shapefile", 0, 0, 0, 0, 0, 0, 0, 0, 0, 54468, 0, 64, 54532
"g:\GIS\地块管理系统\geojson\省市县行政区划及主要城市\shape\ploygon\county.shp", "Shapefile", 0, 0, 0, 0, 0, 0, 0, 0, 0, 79054, 0, 283, 79337
"g:\GIS\地块管理系统\geojson\省市县行政区划及主要城市\shape\ploygon\provience.shp", "Shapefile", 0, 0, 0, 0, 0, 0, 0, 0, 0, 2302, 0, 11, 2313
"g:\GIS\地块管理系统\geojson\省市县行政区划及主要城市\shape\ploygon\world.shp", "Shapefile", 0, 0, 0, 0, 0, 0, 0, 0, 0, 1229, 0, 4, 1233
"g:\GIS\地块管理系统\geojson\省市县行政区划及主要城市\shape\point\city.shp", "Shapefile", 0, 0, 0, 0, 0, 0, 0, 0, 0, 354, 0, 0, 354
"g:\GIS\地块管理系统\geojson\省市县行政区划及主要城市\shape\point\county.shp", "Shapefile", 0, 0, 0, 0, 0, 0, 0, 0, 0, 2299, 0, 2, 2301
"g:\GIS\地块管理系统\geojson\省市县行政区划及主要城市\shape\point\province.shp", "Shapefile", 0, 0, 0, 0, 0, 0, 0, 0, 0, 43, 0, 0, 43
"g:\GIS\地块管理系统\hierarchyPanel.js", "JavaScript", 85, 0, 0, 0, 0, 0, 0, 0, 0, 0, 8, 13, 106
"g:\GIS\地块管理系统\html2canvas.js", "JavaScript", 7388, 0, 0, 0, 0, 0, 0, 0, 0, 0, 319, 124, 7831
"g:\GIS\地块管理系统\jquery\jquery.min.js", "JavaScript", 3, 0, 0, 0, 0, 0, 0, 0, 0, 0, 1, 1, 5
"g:\GIS\地块管理系统\layui\css\layui.css", "CSS", 0, 0, 0, 0, 0, 1, 0, 0, 0, 0, 0, 0, 1
"g:\GIS\地块管理系统\layui\css\modules\code.css", "CSS", 0, 0, 0, 0, 0, 1, 0, 0, 0, 0, 0, 0, 1
"g:\GIS\地块管理系统\layui\css\modules\laydate\default\laydate.css", "CSS", 0, 0, 0, 0, 0, 1, 0, 0, 0, 0, 0, 0, 1
"g:\GIS\地块管理系统\layui\css\modules\layer\default\layer.css", "CSS", 0, 0, 0, 0, 0, 1, 0, 0, 0, 0, 0, 0, 1
"g:\GIS\地块管理系统\layui\font\iconfont.svg", "XML", 0, 0, 0, 0, 0, 0, 195, 0, 0, 0, 3, 357, 555
"g:\GIS\地块管理系统\layui\layui.js", "JavaScript", 5, 0, 0, 0, 0, 0, 0, 0, 0, 0, 0, 0, 5
"g:\GIS\地块管理系统\navigationBarMethod.js", "JavaScript", 427, 0, 0, 0, 0, 0, 0, 0, 0, 0, 50, 70, 547
"g:\GIS\地块管理系统\package-lock.json", "JSON", 0, 5897, 0, 0, 0, 0, 0, 0, 0, 0, 0, 1, 5898
"g:\GIS\地块管理系统\package.json", "JSON", 0, 14, 0, 0, 0, 0, 0, 0, 0, 0, 0, 1, 15
"g:\GIS\地块管理系统\propertiesTable.js", "JavaScript", 59, 0, 0, 0, 0, 0, 0, 0, 0, 0, 16, 6, 81
"g:\GIS\地块管理系统\recording.js", "JavaScript", 57, 0, 0, 0, 0, 0, 0, 0, 0, 0, 8, 11, 76
"g:\GIS\地块管理系统\server.js", "JavaScript", 11, 0, 0, 0, 0, 0, 0, 0, 0, 0, 1, 4, 16
"g:\GIS\地块管理系统\test.html", "HTML", 0, 0, 0, 1558, 0, 0, 0, 0, 0, 0, 91, 105, 1754
"g:\GIS\地块管理系统\test.php", "PHP", 0, 0, 5, 0, 0, 0, 0, 0, 0, 0, 0, 0, 5
"Total", "-", 336093, 124100, 5, 217020, 41335, 2741, 12846, 6, 19302, 140386, 189231, 533278, 1616343